username,password,firstName,lastName,email,phoneNumber,favoriteTeam
ksevitt0,C9OdIbKbLST,Karlotte,Sevitt,ksevitt0@wp.com,8431730705,Heracles Almelo
dshipsey1,msFKY354Qmx8,Darlleen,Shipsey,dshipsey1@slate.com,7669147370,Rio Ave
bblare2,jzHCZwc,Blinny,Blare,bblare2@ft.com,6852665725,Metz
lpetrelli3,lwTfgMnm6N,Lyndsie,Petrelli,lpetrelli3@dyndns.org,7498319565,Arsenal Tula
ffeeham4,Lorr68r,Frederico,Feeham,ffeeham4@jalbum.net,4331714889,Mallorca
rthunnercliff5,gQvT66ctOjbc,Renault,Thunnercliff,rthunnercliff5@ucoz.com,1699988141,Benfica
gconaghy6,2sPrMwPzIv,Glenn,Conaghy,gconaghy6@uol.com.br,7102253349,Granada
etommasuzzi7,V461IV,Erek,Tommasuzzi,etommasuzzi7@nih.gov,8178215736,Valladolid
jmochar8,m6zJKCT,Jo,Mochar,jmochar8@drupal.org,5837396542,Gent
hmuckley9,zqbYzdPml7TX,Hinda,Muckley,hmuckley9@pcworld.com,4121755319,Mouscron
kkemmisha,oJEiP5,Katherine,Kemmish,kkemmisha@vinaora.com,5249115869,Lecce
htrevanceb,LtVZRGIof,Hinda,Trevance,htrevanceb@google.ca,7829662580,Parma
mpennonic,gaOUNR8,Molli,Pennoni,mpennonic@squidoo.com,5212287071,Angers
jabrahmd,QEB9RIe,Juliana,Abrahm,jabrahmd@theguardian.com,3472770576,Genk
jivantsove,qT6RZXoCDsVv,Joseito,Ivantsov,jivantsove@wikimedia.org,1186657276,VfL Wolfsburg
lmurtaghf,Kk2jKr,Laurene,Murtagh,lmurtaghf@tinypic.com,2318455832,Groningen
uhorderg,qNw0lsmzzxZ,Ursulina,Horder,uhorderg@taobao.com,7836364077,Eibar
hkitchinghamh,ZHxorO,Hillary,Kitchingham,hkitchinghamh@state.gov,9203602632,Borussia Monchengladbach
vmoseleyi,xlgjCYN,Vidovic,Moseley,vmoseleyi@vk.com,8895804595,Real Betis
thookj,leAPpjQo1q0C,Tamiko,Hook,thookj@pagesperso-orange.fr,6656326699,Saint-Etienne
ctaffarellok,9OZeO2a9eT,Conrad,Taffarello,ctaffarellok@sitemeter.com,3078325105,Santa Clara
iguerolal,4shXFR,Irving,Guerola,iguerolal@oaic.gov.au,4005917951,Atletico Madrid Madrid
rheartm,WUXzx09RdT,Rene,Heart,rheartm@tumblr.com,8206882402,CSKA Moscow
dwinsern,y7ImxEFt,Dolley,Winser,dwinsern@wp.com,5668537535,Bordeaux
cbealo,IZZok1E9fTQl,Collin,Beal,cbealo@bandcamp.com,7505841496,Espanyol
bdulintyp,QWa7NW83uG,Butch,Dulinty,bdulintyp@photobucket.com,4573579947,Milan
bkirkbrideq,RvaCeVsXd4W,Beauregard,Kirkbride,bkirkbrideq@dmoz.org,4278523207,Nimes
dtebbothr,avpHDXYOiBL,Danice,Tebboth,dtebbothr@seesaa.net,4571825910,Vitoria de Setubal
nheggisons,cdNotff9rMA,Nolan,Heggison,nheggisons@symantec.com,4703142141,Internazionale
gpeasgoodt,DgeyVy,Guglielma,Peasgood,gpeasgoodt@seattletimes.com,9224382022,Sassuolo
csokellu,So9aoNnkoIbK,Carmella,Sokell,csokellu@tumblr.com,9933780406,Levante
jlillicropv,Oqn8pmFysD,Jereme,Lillicrop,jlillicropv@hp.com,5257852247,Gil Vicente
spybworthw,5ZroOFU,Stinky,Pybworth,spybworthw@reference.com,3783835705,Zulte Waregem
rlosebiex,vQXxAf6,Rolph,Losebie,rlosebiex@cocolog-nifty.com,6731967743,Mechelen
sbeaty,WsyIv18gA,Shane,Beat,sbeaty@bloomberg.com,1591935194,Hertha BSC
khastewellz,NnbfMu,Kiel,Hastewell,khastewellz@ycombinator.com,9919421543,Sheffield United
carmstrong10,BwidRe7RK32e,Candra,Armstrong,carmstrong10@usatoday.com,6572222753,Krylia Sovetov
javery11,2vHmFGZR0IO,Jenn,Avery,javery11@blogtalkradio.com,9768440086,Standard Liege
bweldrick12,wfu8qcaBl,Bob,Weldrick,bweldrick12@trellian.com,5265945031,Juventus
ibuck13,SANAK7N,Ivy,Buck,ibuck13@nytimes.com,8549059267,Southampton
kgateshill14,pAXQlRWM,Kendricks,Gateshill,kgateshill14@facebook.com,2067831281,Toulouse
dpratton15,rRyQgeE,Danya,Pratton,dpratton15@goo.gl,4909394010,Famalicao
wscrogges16,lNLP0LPygkcI,Wiatt,Scrogges,wscrogges16@craigslist.org,4601971983,Borussia Monchengladbach
jratley17,jusfGD,Joela,Ratley,jratley17@merriam-webster.com,6877684675,Real Betis
jhayles18,Cdf8BH,Janene,Hayles,jhayles18@deliciousdays.com,6725187180,Saint-Etienne
csteers19,uIPfUSkBQvKO,Cristen,Steers,csteers19@elegantthemes.com,3425358711,Santa Clara
fpittendreigh1a,aDQBqyNVk,Farica,Pittendreigh,fpittendreigh1a@phoca.cz,3081067544,Atletico Madrid Madrid
sarrighini1b,cbgTi9,Sharla,Arrighini,sarrighini1b@hostgator.com,4504000233,CSKA Moscow
tmuselli1c,Iph255,Terrie,Muselli,tmuselli1c@issuu.com,1548674655,Bordeaux
rsamuel1d,oVieXQtlO,Remy,Samuel,rsamuel1d@elpais.com,7315679451,Espanyol
nlangworthy1e,SKDcAu6YAbv,Ninnette,Langworthy,nlangworthy1e@stanford.edu,7561012620,Milan
btoor1f,HcMBiCDnf0,Britni,Toor,btoor1f@nature.com,2726321139,Nimes
cmccuffie1g,Wlss3UinSg,Carolee,McCuffie,cmccuffie1g@cbslocal.com,3116837169,Vitoria de Setubal
mblown1h,9w3PlSh,Marcellus,Blown,mblown1h@npr.org,2377565205,Internazionale
dparratt1i,eOPUGYs,Daloris,Parratt,dparratt1i@addthis.com,3666196168,Sassuolo
iimesson1j,x7mQ3X16Y,Ingram,Imesson,iimesson1j@dmoz.org,8182278117,Standard Liege
klatour1k,x14UfL8I4,Katie,Latour,klatour1k@sciencedirect.com,6468468002,Juventus
fjerratsch1l,682vfYR0R,Francklyn,Jerratsch,fjerratsch1l@about.com,2147209424,Rennes
eolliff1m,5f22oTmG,Emmott,Olliff,eolliff1m@pcworld.com,8189339383,Arsenal
cmcnirlan1n,ledHDrF1,Cookie,McNirlan,cmcnirlan1n@cpanel.net,9617928798,SPAL
hdalli1o,kN7ll1,Heddi,Dalli,hdalli1o@marketwatch.com,4394001503,Burnley
mdallinder1p,j8q8GlyE2,Marga,Dallinder,mdallinder1p@vinaora.com,1505095828,Eupen
msmogur1q,pVc9h3DDw1PX,Mychal,Smogur,msmogur1q@google.cn,4309144823,Fortuna Sittard
dalday1r,cLHES6eoU,Dianemarie,Alday,dalday1r@odnoklassniki.ru,2654066395,FC Koln
hshallo1s,9ZWZNERdbEW,Hillyer,Shallo,hshallo1s@xinhuanet.com,6192809853,Willem II
obrandenberg1t,ydL8Q7WRI,Orelia,Brandenberg,obrandenberg1t@sina.com.cn,2903106209,Kortrijk
ljobbings1u,nETcpw4Qf,Lyman,Jobbings,ljobbings1u@t-online.de,5569481443,Rostov
tlewknor1v,t1efFe,Towny,Lewknor,tlewknor1v@yahoo.com,9638096978,VVV-Venlo
rspykins1w,iDbRCjxIWaE,Rhiamon,Spykins,rspykins1w@amazon.com,7543567831,Cagliari
acamois1x,sUYbiU,Angel,Camois,acamois1x@dmoz.org,1526230014,Heerenveen
dmcmeekan1y,9CoEqFwHatkc,Dalton,McMeekan,dmcmeekan1y@yale.edu,7101144443,Sochi
hrosnau1z,0SrDV7VR,Halimeda,Rosnau,hrosnau1z@purevolume.com,5196810120,Boavista
bconibear20,BSOEtj,Bill,Conibear,bconibear20@people.com.cn,9041788339,Vitoria de Guimaraes
skhristyukhin21,IIwy056uNyG,Sharia,Khristyukhin,skhristyukhin21@twitpic.com,6692364078,Union Berlin
btoffalo22,yLeHtbKof,Brittni,Toffalo,btoffalo22@plala.or.jp,1803477819,Bologna
cdhooghe23,PnpmaP,Currie,D'Hooghe,cdhooghe23@angelfire.com,4478962865,Schalke 04
ttonbye24,kUJuLh,Tadeo,Tonbye,ttonbye24@xrea.com,4634388804,Fiorentina
tprobets25,ffIOm2J5Nk7,Tallulah,Probets,tprobets25@salon.com,4604327666,Vitesse
hdonativo26,p0Aupx,Howie,Donativo,hdonativo26@trellian.com,7519515369,Anderlecht
lbowart27,ZvZ09fEfA,Lilah,Bowart,lbowart27@webeden.co.uk,1441911009,Manchester United
amuirhead28,W5snYu0Qbr,Aymer,Muirhead,amuirhead28@go.com,6221909373,Aston Villa
nwickendon29,RfNrSgTo,Nettie,Wickendon,nwickendon29@dyndns.org,3564298045,Antwerp
lmellmoth2a,65KtZ0ja,Lothario,Mellmoth,lmellmoth2a@harvard.edu,4363727150,Brescia
bnehlsen2b,am8TUuhp,Bellina,Nehlsen,bnehlsen2b@google.es,2986766957,Lille
cmurrey2c,8dW72xd2ixX,Carlye,Murrey,cmurrey2c@imageshack.us,1222851472,Everton
demons2d,H6v8Dnb4ijnI,Dodie,Emons,demons2d@icq.com,8589408887,SC Freiburg
lflower2e,pB35yyZJ70,Loreen,Flower,lflower2e@rakuten.co.jp,4586433987,Maritimo
mcluff2f,DlED9Y,Marylinda,Cluff,mcluff2f@yellowpages.com,2184474856,AZ
bshier2g,nbDKy0mvV,Bobbe,Shier,bshier2g@youku.com,8104269759,Real Sociedad
hskayman2h,t27AWNubcha,Harriett,Skayman,hskayman2h@slideshare.net,9702095410,Lazio
mhalsworth2i,npkEhlpLEol,Meredith,Halsworth,mhalsworth2i@cyberchimps.com,7584645176,Akhmat Grozny
nmerali2j,PeTElsrVi,Nanice,Merali,nmerali2j@comsenz.com,9136720798,Marseille
jwoolmer2k,UXQ20kso6,Josepha,Woolmer,jwoolmer2k@bizjournals.com,5461755159,Portimonense
afeavearyear2l,bfzmUMlr,Annabel,Feavearyear,afeavearyear2l@hp.com,6507545694,Heracles Almelo
bpurrington2m,EqUxizg,Barbette,Purrington,bpurrington2m@elegantthemes.com,7118816259,Rio Ave
htomasutti2n,4SpSxYNxx,Hayden,Tomasutti,htomasutti2n@sphinn.com,7003930265,Metz
jsamwyse2o,2wsZ6839uN,Johnna,Samwyse,jsamwyse2o@skyrock.com,5609783068,Arsenal Tula
rayerst2p,If9G2r,Ritchie,Ayerst,rayerst2p@opensource.org,5405210318,Mallorca
alouch2q,8hSrq6w,Anne,Louch,alouch2q@ehow.com,8631828101,Benfica
bpoulgreen2r,z9s8XXE0Oc,Bordie,Poulgreen,bpoulgreen2r@instagram.com,8048441821,Granada
dmorman2s,nTYDzZWqCqk,Dorena,Morman,dmorman2s@gravatar.com,1954515518,Valladolid
bdowers2t,MsP1Sp4eyQXC,Beret,Dowers,bdowers2t@sourceforge.net,2844302415,Gent
broscamp2u,EgNOPnC,Bjorn,Roscamp,broscamp2u@aol.com,5181720677,Mouscron
jberrey2v,6RUV27YSQP5,Julie,Berrey,jberrey2v@cbslocal.com,3336064001,Lecce
rsandeson2w,6tYKD2,Richmound,Sandeson,rsandeson2w@vinaora.com,1212500938,Parma
klambal2x,L0ZzpMZr2,Kareem,Lambal,klambal2x@weather.com,2618413149,Angers
astovine2y,o8F2hlnxd,Agneta,Stovine,astovine2y@mayoclinic.com,3395210768,Genk
eblewmen2z,ne031zcq6h7,Edeline,Blewmen,eblewmen2z@odnoklassniki.ru,8314634390,VfL Wolfsburg
baicheson30,vgt2Z0kJItz,Bennie,Aicheson,baicheson30@nymag.com,3681745877,Groningen
ejeacop31,bNPoJ8PdccR,Eugenie,Jeacop,ejeacop31@hud.gov,7656198535,Eibar
cbes32,XLcDepPDd,Charlie,Bes,cbes32@jalbum.net,8052374161,Norwich City
vcarlick33,bhM4sNZN30,Valene,Carlick,vcarlick33@chron.com,1574893388,Strasbourg
lzorener34,QTLcQxHcxU2,Leola,Zorener,lzorener34@noaa.gov,2347339031,Oostende
jgerran35,sZMyjXe77,Jay,Gerran,jgerran35@dedecms.com,2219251708,Roma
gbrydon36,7uvqH5yrX,Gilda,Brydon,gbrydon36@goo.ne.jp,1309520655,Krasnodar
vollerton37,puuDnM29J,Valera,Ollerton,vollerton37@smh.com.au,8498121506,PSV Eindhoven
iallmark38,nNeJRIMtS,Innis,Allmark,iallmark38@kickstarter.com,8589020950,FC Ural
btruckett39,5EyssQoaQsI,Bartel,Truckett,btruckett39@multiply.com,6485915283,Braga
tscholey3a,Kxz41PnSr8i,Teresa,Scholey,tscholey3a@google.nl,5114775699,Newcastle United
agrafom3b,v2TCS3q5t,Andra,Grafom,agrafom3b@nasa.gov,3191538040,Torino
mhedges3c,fVkznNUC7,Marijn,Hedges,mhedges3c@e-recht24.de,5403921082,Leganes
ahayles3d,GKantLSb,Ariel,Hayles,ahayles3d@hostgator.com,7223603713,Southampton
beayres3e,4xgoXW0,Beatriz,Eayres,beayres3e@shutterfly.com,6725435630,Toulouse
gicom3f,F28EMllqw3,Gwyneth,Icom,gicom3f@e-recht24.de,4881511015,Famalicao
swixey3g,6Rqo6Qdjb,Sybila,Wixey,swixey3g@twitpic.com,7877639936,Borussia Monchengladbach
tcansfield3h,YkrVfHyrB,Tobey,Cansfield,tcansfield3h@nba.com,8582404875,Real Betis
tcaley3i,Pb8pRcurlqzo,Trumann,Caley,tcaley3i@wunderground.com,9935841003,Saint-Etienne
acolnet3j,O9yBl6IEjJ,Ansell,Colnet,acolnet3j@typepad.com,9609979724,Santa Clara
rwoodcraft3k,TheFGc,Rolf,Woodcraft,rwoodcraft3k@cbsnews.com,5604729365,Atletico Madrid Madrid
nzuppa3l,zSrDGowzt,Naomi,Zuppa,nzuppa3l@clickbank.net,3283762050,CSKA Moscow
bsquibbes3m,C10gv4,Bekki,Squibbes,bsquibbes3m@nymag.com,1175839722,Bordeaux
eregina3n,uuj4Lnbj,Etta,Regina,eregina3n@drupal.org,4705047411,Espanyol
abodley3o,aCEkV0Nfa0J,Atlanta,Bodley,abodley3o@about.me,1265803713,Milan
cdomino3p,nMCUbIY,Celina,Domino,cdomino3p@va.gov,5591835367,Nimes
mstoffler3q,DFijaz,Marion,Stoffler,mstoffler3q@bbc.co.uk,1991240859,Vitoria de Setubal
pdahlborg3r,jzq1mlZTVPi,Panchito,Dahlborg,pdahlborg3r@naver.com,1472186982,Internazionale
rgreenhill3s,Yg16h5fR,Reggi,Greenhill,rgreenhill3s@arizona.edu,4841434931,Sassuolo
dholligan3t,7gjqibLeT9ag,Doug,Holligan,dholligan3t@devhub.com,1832376277,Levante
mpratley3u,ic4TnOV0,Markus,Pratley,mpratley3u@intel.com,1306775184,Gil Vicente
shulkes3v,H4Fjbaj4LUq,Sile,Hulkes,shulkes3v@liveinternet.ru,3339484390,Zulte Waregem
omcturley3w,1PqFNR61wW,Oliviero,McTurley,omcturley3w@virginia.edu,7888203803,Mechelen
eduffyn3x,0YwGAfTZnh,Ephrem,Duffyn,eduffyn3x@go.com,2562671823,Hertha BSC
fgipson3y,2d2gDVUZmpD,Fowler,Gipson,fgipson3y@wikimedia.org,5622372360,Sheffield United
gdegiovanni3z,EDxoc8mx,Griffith,De Giovanni,gdegiovanni3z@howstuffworks.com,4933118906,Krylia Sovetov
mblinman40,mL7glsf,Maggee,Blinman,mblinman40@statcounter.com,7602049541,Standard Liege
bkeneforde41,Rma25Pb0n,Bailey,Keneforde,bkeneforde41@fc2.com,4524854890,Juventus
owhewell42,KlKZwfB9P0,Orson,Whewell,owhewell42@adobe.com,4021892797,Rennes
llaidlow43,1Oyfei3erJpC,Lauren,Laidlow,llaidlow43@i2i.jp,3107778800,Arsenal
mubsdall44,ckmDxo4,Mommy,Ubsdall,mubsdall44@free.fr,6819409862,SPAL
wkearsley45,hohfBEYie,Warde,Kearsley,wkearsley45@angelfire.com,5462404795,Burnley
bsummersby46,nBG3dSNk0,Brook,Summersby,bsummersby46@baidu.com,9598398322,Eupen
ddimic47,JQMnOFfG5,Dougy,Dimic,ddimic47@mapy.cz,5503389723,Fortuna Sittard
whaney48,rDtFavtK,Wilhelm,Haney,whaney48@examiner.com,6714412447,FC Koln
jcusty49,6VDVIdCVWF,Jewel,Custy,jcusty49@barnesandnoble.com,6127761546,Willem II
wschoroder4a,CFjGuS6R,Wilmette,Schoroder,wschoroder4a@stanford.edu,7728619262,Kortrijk
trollinson4b,F6S2QjY,Tarra,Rollinson,trollinson4b@opensource.org,9686584406,Rostov
msnaden4c,qxR71ovgSo,Mariquilla,Snaden,msnaden4c@google.nl,2827828605,VVV-Venlo
jbenninger4d,c5JdsnJ,Janeczka,Benninger,jbenninger4d@timesonline.co.uk,7912188502,Cagliari
dmingaye4e,AGFlvI,Dana,Mingaye,dmingaye4e@stanford.edu,7777720386,Heerenveen
btremoulet4f,Hoenwjj,Barnaby,Tremoulet,btremoulet4f@opensource.org,2066188025,Sochi
skite4g,fYaf51k,Sheelah,Kite,skite4g@ehow.com,4779696110,Boavista
ecolley4h,q1iaNDUnIsAW,Evered,Colley,ecolley4h@dagondesign.com,4379776859,Vitoria de Guimaraes
tviney4i,2pgonyKtM4AH,Tallou,Viney,tviney4i@mail.ru,5227971120,Union Berlin
trubery4j,6u781DE,Tabby,Rubery,trubery4j@skyrock.com,9628355863,Bologna
jabbate4k,ZUpLbMjB2,Joanie,Abbate,jabbate4k@examiner.com,1392696917,Schalke 04
ldelacote4l,jZJlkk47Hhr,Lenci,Delacote,ldelacote4l@technorati.com,7613921892,Fiorentina
cpinkney4m,wWXvAJ,Chastity,Pinkney,cpinkney4m@quantcast.com,8096417514,Vitesse
lkinnerk4n,Lz45W22DpU,Louise,Kinnerk,lkinnerk4n@a8.net,6999163895,Anderlecht
bwellstood4o,rynQB2ggOv,Brigit,Wellstood,bwellstood4o@wired.com,4885704767,Manchester United
jwiddows4p,7U1LlJQE,Jeffry,Widdows,jwiddows4p@wordpress.org,2269055695,Aston Villa
bprimmer4q,ZjXz7b9k,Bret,Primmer,bprimmer4q@pen.io,1056022464,Antwerp
pscowen4r,ZsR111Ro86a,Pablo,Scowen,pscowen4r@imgur.com,8795671516,Brescia
jeltone4s,PS7aPjwvY,Jen,Eltone,jeltone4s@flavors.me,6155158978,Lille
tungerecht4t,qwJPrEVTm,Terrie,Ungerecht,tungerecht4t@utexas.edu,2664488006,Everton
sandriolli4u,SZywJYob,Sashenka,Andriolli,sandriolli4u@cnbc.com,6521435129,SC Freiburg
sheamus4v,xjSXsD9,Sylas,Heamus,sheamus4v@ted.com,5821309543,Maritimo
mlombardo4w,1yRYb5HI7N01,Marrilee,Lombardo,mlombardo4w@epa.gov,2874010809,AZ
smadeley4x,G1hk4HwFHRzt,Sibeal,Madeley,smadeley4x@npr.org,4598095235,Real Sociedad
gmontague4y,NqWCaulEsYdT,Gwyn,Montague,gmontague4y@desdev.cn,9252357197,Lazio
fgrainger4z,FEz7HxJDZ3tZ,Frieda,Grainger,fgrainger4z@mozilla.org,8713136362,Akhmat Grozny
fpolycote50,N5Zya41ro,Fitz,Polycote,fpolycote50@nsw.gov.au,6973112996,Marseille
skay51,DyRx29trSfPc,Sidonia,Kay,skay51@gnu.org,3385678124,Portimonense
eschwandermann52,5s4WOg,Eve,Schwandermann,eschwandermann52@kickstarter.com,7403990129,Lokomotiv Moscow
lwolfendell53,7qcikV,Laughton,Wolfendell,lwolfendell53@clickbank.net,3624192151,Sporting CP
jsorsbie54,pG9Go7v,Janos,Sorsbie,jsorsbie54@nymag.com,8268140462,Desportivo das Aves
awrigglesworth55,JI84Xa,Alie,Wrigglesworth,awrigglesworth55@joomla.org,8187796641,FC Augsburg
tpoplee56,9ag8TA1EfDUL,Tess,Poplee,tpoplee56@mozilla.org,2552228895,SC Paderborn
cclaypool57,m7G7dHN3wk6,Candida,Claypool,cclaypool57@gnu.org,7094180958,Villarreal
ghaydn58,cIDbE8UFmo,Gordan,Haydn,ghaydn58@intel.com,8281010814,Pacos de Ferreira
cwood59,EgJa4S,Cecilia,Wood,cwood59@oakley.com,6761519845,Ajax
lbartelet5a,OarUa3TOpj,Lindon,Bartelet,lbartelet5a@about.me,2201365412,PEC Zwolle
chollyer5b,Pi8Se04g9t,Cal,Hollyer,chollyer5b@ameblo.jp,6669227612,Osasuna
sennor5c,VM7VWwGb51,Stacee,Ennor,sennor5c@umich.edu,3188186934,Manchester City
ogravatt5d,4iGIoI,Odelia,Gravatt,ogravatt5d@nih.gov,8632430688,West Ham United
eslatter5e,3NOuaSDYP,Ernaline,Slatter,eslatter5e@narod.ru,9223422572,Lyon
pcrowson5f,vQml0MUu,Pier,Crowson,pcrowson5f@woothemes.com,3327890415,Brest
bhimpson5g,m8C6vP0GVxn9,Barby,Himpson,bhimpson5g@imageshack.us,9996999944,PSG
cealam5h,HKZrJnxMN6,Carissa,Ealam,cealam5h@army.mil,7476631562,Sampdoria
baspey5i,edCTBFR1JB,Brantley,Aspey,baspey5i@mozilla.org,6755112716,Montpellier
emcmarquis5j,ZiN7YvS9jU,Elnar,McMarquis,emcmarquis5j@dion.ne.jp,2473137418,Watford
dphippard5k,aCPLdytdecT4,Dame,Phippard,dphippard5k@biblegateway.com,7899016548,Twente
tfriskey5l,j1d9MJHbBzmF,Tod,Friskey,tfriskey5l@netscape.com,9112240104,Rubin Kazan
mblythin5m,w5ulCtGwqM,Marietta,Blythin,mblythin5m@indiegogo.com,4578686801,Sint-Truiden
scoen5n,wa8wSuIto,Sven,Coen,scoen5n@booking.com,2107401888,Crystal Palace
fsheffield5o,sfW0gFRo,Fredrick,Sheffield,fsheffield5o@qq.com,4983123017,Moreirense
sdowning5p,z6bIsHk,Shawn,Downing,sdowning5p@usnews.com,5142448905,Cercle Brugge
oredgrave5q,dRQDs9EgCEg,Orlan,Redgrave,oredgrave5q@gizmodo.com,3266231434,Athletic Bilbao Bilbao
cwarnes5r,3QrlFU,Carly,Warnes,cwarnes5r@sogou.com,1748191609,Mainz 05
tneissen5s,CbvBCSt,Tersina,Neissen,tneissen5s@imageshack.us,1818181899,Chelsea
efitzjohn5t,vQ63DgITRs,Elana,Fitzjohn,efitzjohn5t@hexun.com,2911644297,Reims
vhatry5u,NzF22XcT,Vitoria,Hatry,vhatry5u@oracle.com,8192736647,ADO Den Haag
mscott5v,pOB1oR6m7,Melina,Scott,mscott5v@noaa.gov,7334760973,Nice
cprendiville5w,J7I3B6uWAbLE,Crichton,Prendiville,cprendiville5w@china.com.cn,4889808565,Celta Vigo
hpothecary5x,eorhSUJ,Hammad,Pothecary,hpothecary5x@icq.com,1648470732,Club Brugge
ssavine5y,qRIGXSPXM,Sanford,Savine,ssavine5y@archive.org,6826631940,Bayer Leverkusen
rpennings5z,QTwKp9FfS8W,Rich,Pennings,rpennings5z@tuttocitta.it,9625816691,Bayern Munich
dbickle60,ibSvxpOMbz,Dag,Bickle,dbickle60@tmall.com,3538152088,Ufa
jforrestill61,i80zPCZQXk,Jodee,Forrestill,jforrestill61@shutterfly.com,2343097966,Alaves
cdepper62,wAxeOni,Cordy,Depper,cdepper62@wufoo.com,7609919282,Eintracht Frankfurt
ndelyth63,AVP44p1kAI,Nanci,Delyth,ndelyth63@naver.com,2257540456,Atalanta
eterron64,yLViCTm1tAdJ,Elbert,Terron,eterron64@scribd.com,5334877731,Utrecht
kmuat65,hJkRymtF6,Karia,Muat,kmuat65@ihg.com,3533996684,Dijon
ebeatey66,08TDDv5R,Ernaline,Beatey,ebeatey66@blogtalkradio.com,3478388897,TSG Hoffenheim
jsantora67,5p7Dz0rkCx,Joby,Santora,jsantora67@hhs.gov,2492678471,Tottenham Hotspur
frollin68,pqQtrSHH2,Freddy,Rollin,frollin68@a8.net,8207090801,Feyenoord
rtinton69,DPyYBhoVor0x,Rafaello,Tinton,rtinton69@merriam-webster.com,4247464267,Monaco
hcaldecot6a,M9zcjUhf5xO,Hobey,Caldecot,hcaldecot6a@pagesperso-orange.fr,1941386559,Spartak Moscow
mstandish6b,mxwrsa3gqj5,Maximilianus,Standish,mstandish6b@printfriendly.com,1156778492,Bournemouth
hseth6c,FoRHZSQ303R,Heather,Seth,hseth6c@trellian.com,7695114906,Liverpool
dfounds6d,h8PqL1HbcewP,Dynah,Founds,dfounds6d@histats.com,9986865625,Real Madrid
iscarfe6e,N6sthGhnxL,Ingunna,Scarfe,iscarfe6e@dailymail.co.uk,8024688124,Nantes
ahallyburton6f,5Cnyqy,Ami,Hallyburton,ahallyburton6f@wisc.edu,6221977777,Werder Bremen
amuselli6g,6zYYFRvvyPu,Adler,Muselli,amuselli6g@printfriendly.com,5682509278,Hellas Verona
omarkwelley6h,zR4pgkH3WHS,Oralie,Markwelley,omarkwelley6h@yelp.com,6059114141,Charleroi
bparzizek6i,vdXOCken,Bevvy,Parzizek,bparzizek6i@angelfire.com,2094334223,Leicester City
njoao6j,q68wM6Kg,Nathanil,Joao,njoao6j@multiply.com,4082907671,Zenit Saint Petersburg
klant6k,JpSGSC,Kaela,Lant,klant6k@google.com.hk,9981870165,Brighton & Hove Albion
kcarles6l,PXKlia,Kelly,Carles,kcarles6l@businessweek.com,9156765683,Napoli
grostern6m,RsnfcMUhzVwJ,Gallagher,Rostern,grostern6m@cafepress.com,7259568024,Sevilla Seville
gleese6n,moMn4bN,Gradeigh,Leese,gleese6n@alibaba.com,7411854250,Orenburg
amullender6o,h1weTZNgjr,Aldon,Mullender,amullender6o@cbc.ca,7961965635,Porto
dboskell6p,bDisPvf,Danit,Boskell,dboskell6p@furl.net,5195579153,RB Leipzig
cbullus6q,QTK0LXz1,Culley,Bullus,cbullus6q@alibaba.com,9627076779,Wolverhampton Wanderers
wleprovost6r,qwZsiI,Woodrow,Le Provost,wleprovost6r@blog.com,9649469081,Dynamo Moscow
sthewless6s,PrnbXsxH9r,Suzann,Thewless,sthewless6s@t.co,6562744721,Waasland-Beveren
mgladding6t,BWRCH8z,Michal,Gladding,mgladding6t@ft.com,6596410689,Fortuna Dosseldorf
tjozsa6u,uwNwqJFlJsK4,Tiffanie,Jozsa,tjozsa6u@bloglines.com,5932561451,Getafe
adavidsson6v,7UBcanIJY4EX,Aleece,Davidsson,adavidsson6v@java.com,5973665402,Tondela
abryns6w,Hn37oVHUTDnb,Alicia,Bryns,abryns6w@ovh.net,6673695470,Sparta Rotterdam
ghellwing6x,ZwWmj63wLS2u,Gratia,Hellwing,ghellwing6x@theatlantic.com,3228752295,Barcelona
apersse6y,EOUIMfl1095,Aimee,Persse,apersse6y@comcast.net,3352272746,Amiens
sdomesday6z,qv2v5R9sOwG,Shaylah,Domesday,sdomesday6z@springer.com,3124223762,Udinese
hheustice70,EGljIzoaD,Horacio,Heustice,hheustice70@nationalgeographic.com,1802662592,Borussia Dortmund
rspellessy71,SHczmxn,Rora,Spellessy,rspellessy71@discuz.net,5548251154,Belenenses SAD
dbortolomei72,OyJEG6td,Drusie,Bortolomei,dbortolomei72@google.cn,8704913870,Emmen
dharyngton73,Z7Xmxz9Suk,Delly,Haryngton,dharyngton73@fotki.com,7461182359,RKC Waalwijk
bsegeswoeth74,sR1I6FG,Benjamen,Segeswoeth,bsegeswoeth74@booking.com,4383525846,Valencia
adodson75,yKXmhSNEbwj0,Arlinda,Dodson,adodson75@hp.com,9785954152,Tambov
amartin76,IOkDTCSRIn,Atlante,Martin,amartin76@unc.edu,1317071873,Genoa
aranderson77,TUp7EtV,Aloise,Randerson,aranderson77@booking.com,3232717690,Heracles Almelo
lbridie78,HbQyYHf,Lizzy,Bridie,lbridie78@nydailynews.com,9241730297,Rio Ave
ttetlow79,pPGzm9,Tildie,Tetlow,ttetlow79@loc.gov,9488890197,Metz
acoultas7a,sl0TyLM4Umf,Amabelle,Coultas,acoultas7a@bbc.co.uk,3696372018,Arsenal Tula
aricard7b,xp7pb2m0mzq,Angelico,Ricard,aricard7b@soup.io,2103191002,Mallorca
mclague7c,LmNp24P,Mandie,Clague,mclague7c@dropbox.com,8155268130,Benfica
ymcdermid7d,D7JVV2w3N04B,Yolanda,Mc Dermid,ymcdermid7d@diigo.com,7606017324,Granada
pmccaw7e,0NuLYG,Peter,McCaw,pmccaw7e@geocities.jp,1287218704,Valladolid
nguild7f,XDEdDQf,Nelia,Guild,nguild7f@51.la,3294834200,Gent
hkyttor7g,Aamta2JE71,Hobard,Kyttor,hkyttor7g@joomla.org,6604374391,Mouscron
tthorneloe7h,mCUYD5Wnmr,Tremaine,Thorneloe,tthorneloe7h@ox.ac.uk,7034085307,Lecce
hparlatt7i,Z1QTyr5TRI,Heddi,Parlatt,hparlatt7i@bloglovin.com,5734548358,Parma
pmattusov7j,6L8NwrjpE,Patsy,Mattusov,pmattusov7j@usda.gov,8231147124,Angers
folynn7k,xCzvmWgSP,Ferguson,O'Lynn,folynn7k@bandcamp.com,6744340832,Genk
rmcarte7l,v3UdHN,Ruperta,McArte,rmcarte7l@blogs.com,5624855168,VfL Wolfsburg
jcardinal7m,b8ksjzn8,Joly,Cardinal,jcardinal7m@discuz.net,5967615474,Groningen
bbirnie7n,sRq72NH,Bob,Birnie,bbirnie7n@intel.com,8279608433,Eibar
cgonoude7o,47JOf5,Carroll,Gonoude,cgonoude7o@sina.com.cn,1202601617,Norwich City
wpendrid7p,P1XApMF7AENz,Wells,Pendrid,wpendrid7p@cam.ac.uk,8282175571,Strasbourg
cstreetfield7q,omgGrhZ5Peof,Cecilla,Streetfield,cstreetfield7q@geocities.jp,4623004582,Oostende
lperon7r,CWbyuHfOPmW,Luise,Peron,lperon7r@technorati.com,7807487261,Roma
csillis7s,LkJbFZJdO,Colas,Sillis,csillis7s@mozilla.com,4958102304,Krasnodar
mmaccauley7t,QlGFqWyUqp,Margaretha,MacCauley,mmaccauley7t@trellian.com,9716648938,PSV Eindhoven
ehurcombe7u,zGc1tIH,Erik,Hurcombe,ehurcombe7u@ebay.com,2704250202,FC Ural
vgolder7v,cM2fxn,Vasili,Golder,vgolder7v@parallels.com,4703176471,Braga
acurle7w,5vQL2kT,Aldus,Curle,acurle7w@ucoz.com,1405594635,Newcastle United
mstallon7x,hucETvT8dQ,Murry,Stallon,mstallon7x@theglobeandmail.com,4061928548,Torino
vdaud7y,itJ3B4Ai,Vin,Daud,vdaud7y@uiuc.edu,2086816564,Leganes
egodbolt7z,jWsoCaIMWdu,Ethyl,Godbolt,egodbolt7z@soup.io,5474422339,Southampton
jromei80,7lCbxWIAU2,Jocelyne,Romei,jromei80@amazon.co.uk,8272207332,Toulouse
ymcfater81,LcOTENzk,Yevette,McFater,ymcfater81@samsung.com,7899528824,Famalicao
mmaides82,91A0H9wf,Martie,Maides,mmaides82@admin.ch,4067434052,Borussia Monchengladbach
bshapland83,xN6HvGSwsjC,Bret,Shapland,bshapland83@yandex.ru,6055855236,Real Betis
hbernucci84,rPctxibR,Heinrik,Bernucci,hbernucci84@yandex.ru,1801349148,Saint-Etienne
blarcher85,1reTSwkmo,Bucky,Larcher,blarcher85@hibu.com,6063696123,Santa Clara
tterbrug86,ebOVrxlB7,Tabatha,Terbrug,tterbrug86@ihg.com,2548731588,Atletico Madrid Madrid
tcollelton87,Rg1nieByrbYN,Trevor,Collelton,tcollelton87@cyberchimps.com,3232918958,CSKA Moscow
tmabbitt88,j6L1S5zWU,Terrell,Mabbitt,tmabbitt88@ibm.com,6661014626,Bordeaux
druprechter89,yWp5Atl,Drucie,Ruprechter,druprechter89@slideshare.net,1858641050,Espanyol
pprest8a,foiyX7,Pearl,Prest,pprest8a@va.gov,6957372524,Milan
cclemendot8b,3IYxWJy8pUt,Corey,Clemendot,cclemendot8b@4shared.com,1668472850,Nimes
jeastby8c,UFRvXOX,Jacob,Eastby,jeastby8c@businessinsider.com,8038038259,Vitoria de Setubal
cgroneway8d,6QEVBasT82xq,Corby,Groneway,cgroneway8d@amazonaws.com,9362955659,Internazionale
bizsak8e,vd7jfAShrwj4,Barny,Izsak,bizsak8e@hud.gov,8287876789,Sassuolo
mbrastead8f,EaGOIve25,Mendy,Brastead,mbrastead8f@hatena.ne.jp,2169948927,Levante
sgoodsall8g,IE5hF55,Susann,Goodsall,sgoodsall8g@biblegateway.com,9931414628,Gil Vicente
oraffan8h,Co4shfR,Obadiah,Raffan,oraffan8h@cargocollective.com,4286376597,Zulte Waregem
lambrogini8i,DARs12u,Larina,Ambrogini,lambrogini8i@nydailynews.com,9935407116,Mechelen
tpressland8j,Uh50XA,Tudor,Pressland,tpressland8j@timesonline.co.uk,4101749170,Hertha BSC
drex8k,pfpM3DO,Dannel,Rex,drex8k@independent.co.uk,5378921481,Sheffield United
rbownd8l,VJotDf6VDNL,Rivkah,Bownd,rbownd8l@ifeng.com,3794453007,Krylia Sovetov
wraison8m,pZpXkv325,Willow,Raison,wraison8m@nbcnews.com,1185843818,Standard Liege
kvispo8n,h7awNTFRC,Krystyna,Vispo,kvispo8n@mediafire.com,4055058648,Juventus
nthackston8o,yGF3FWbUL,Nessie,Thackston,nthackston8o@deviantart.com,4828858500,Rennes
mambrosi8p,8GohWP,Martica,Ambrosi,mambrosi8p@opensource.org,3985799043,Arsenal
odragoe8q,DgmJiN,Oates,Dragoe,odragoe8q@msn.com,7317117605,SPAL
bbrundrett8r,FGGTu5,Bordie,Brundrett,bbrundrett8r@bloglovin.com,4068923522,Burnley
cfreddi8s,rVAScXg18DDI,Casey,Freddi,cfreddi8s@un.org,4014365021,Eupen
kkelmere8t,uSfYXBMEqvq,Kaylee,Kelmere,kkelmere8t@sitemeter.com,8988617630,Fortuna Sittard
dbengough8u,RfzVdj4,Dido,Bengough,dbengough8u@webs.com,7743384571,FC Koln
vdupre8v,kDx6bmBcqugz,Vale,Du Pre,vdupre8v@guardian.co.uk,7197889849,Willem II
nsloey8w,ouvd5yRE,Normand,Sloey,nsloey8w@tinyurl.com,1181852642,Kortrijk
eeastbrook8x,NGC5KH,Ernst,Eastbrook,eeastbrook8x@about.com,7184124133,Rostov
cmarsden8y,BYz3u31kt,Cully,Marsden,cmarsden8y@jugem.jp,1962014729,VVV-Venlo
afoyston8z,LT0YPMOr9,Abra,Foyston,afoyston8z@wikia.com,3697868308,Cagliari
ipelzer90,D86vPxW,Itch,Pelzer,ipelzer90@accuweather.com,8955950340,Heerenveen
gpauletto91,sBnFwvSA2vp,Giles,Pauletto,gpauletto91@nifty.com,5947368889,Sochi
djewise92,Inae8HdfVH,Denver,Jewise,djewise92@hao123.com,2978622682,Boavista
sgittings93,vv9Hje,Sherilyn,Gittings,sgittings93@ftc.gov,4493800597,Vitoria de Guimaraes
croffe94,EPqosrH89,Caspar,Roffe,croffe94@feedburner.com,9765996925,Union Berlin
nwigelsworth95,2xlAZ4oGg06,Ninnetta,Wigelsworth,nwigelsworth95@disqus.com,1224941396,Bologna
egoldsbury96,uZuiPna,Ewen,Goldsbury,egoldsbury96@tuttocitta.it,2716494561,Schalke 04
hallom97,1eLJk7hrSn4,Hobart,Allom,hallom97@typepad.com,9117428946,Fiorentina
bfillgate98,HEJSxTmCWF,Blakeley,Fillgate,bfillgate98@un.org,7796648210,Vitesse
gkayser99,wUHrmukYfe,Griselda,Kayser,gkayser99@myspace.com,3667237478,Anderlecht
rcadany9a,ovTj184Z,Raimondo,Cadany,rcadany9a@technorati.com,5528372645,Manchester United
jzannelli9b,cW0vEFZL,Johan,Zannelli,jzannelli9b@reuters.com,7968405098,Aston Villa
belwell9c,uga548eCG,Bentley,Elwell,belwell9c@google.co.uk,6861439469,Antwerp
cmarten9d,vknQ1dPtZcp,Cordy,Marten,cmarten9d@purevolume.com,5596961337,Brescia
bthorndale9e,le6ROe1Gxbfi,Bobbye,Thorndale,bthorndale9e@posterous.com,1443179791,Lille
mgasson9f,TKGFTOyQuG,Morissa,Gasson,mgasson9f@dedecms.com,7681911675,Everton
mdonnelly9g,PiV2DB6z7c6,Melva,Donnelly,mdonnelly9g@phoca.cz,2549382865,SC Freiburg
nbloomer9h,LzjFT2suWA,Nikolas,Bloomer,nbloomer9h@google.com.hk,5622685102,Maritimo
imalthus9i,ZDrhfXAIKvJ,Iggy,Malthus,imalthus9i@guardian.co.uk,9261705129,AZ
btschierse9j,U4IR22q,Bobbye,Tschierse,btschierse9j@princeton.edu,8603888704,Real Sociedad
ltaylder9k,C21hgOs5,Linette,Taylder,ltaylder9k@homestead.com,4779557635,Lazio
ksimonian9l,32SZKaOAfGu,Kliment,Simonian,ksimonian9l@51.la,7783471018,Akhmat Grozny
dloxton9m,fI8HM19NnVd5,Dionne,Loxton,dloxton9m@cbsnews.com,1734050797,Marseille
awhatman9n,fjo8mIJ1r1l,Alvis,Whatman,awhatman9n@goodreads.com,7064201981,Portimonense
sbolduc9o,TJKPRJ4ZsmE,Sunny,Bolduc,sbolduc9o@webmd.com,2127765378,Lokomotiv Moscow
atrett9p,vagOONwXZ3q1,Alonso,Trett,atrett9p@unesco.org,1707236832,Sporting CP
hantwis9q,s0BH17OTH,Haydon,Antwis,hantwis9q@zimbio.com,3459021669,Desportivo das Aves
dmckeevers9r,YBLVBPFtIXnX,Dorolice,McKeevers,dmckeevers9r@hud.gov,8517220307,FC Augsburg
ctrouel9s,0R6k4HxZtz,Collete,Trouel,ctrouel9s@uiuc.edu,3982185788,SC Paderborn
rmarples9t,gQkN8yac,Reinhold,Marples,rmarples9t@i2i.jp,8347751367,Villarreal
bspaxman9u,faUXTCndAcyD,Booth,Spaxman,bspaxman9u@cargocollective.com,6691984755,Pacos de Ferreira
gplumtree9v,WmbHAu7CL9cl,Gayla,Plumtree,gplumtree9v@utexas.edu,6431487732,Ajax
ldemattia9w,9hcvSGgb,Lane,De Mattia,ldemattia9w@a8.net,1385176115,PEC Zwolle
mfurneaux9x,LULm2Fo6vN,Marion,Furneaux,mfurneaux9x@hp.com,1352620098,Osasuna
gpenhalewick9y,sANH4ua,Georgiana,Penhalewick,gpenhalewick9y@rakuten.co.jp,3872275455,Manchester City
pteideman9z,4UUxeOBQuZk,Phillida,Teideman,pteideman9z@yahoo.co.jp,9511476913,West Ham United
tloughneya0,6T6Byj,Theresa,Loughney,tloughneya0@liveinternet.ru,6832846206,Lyon
badshedea1,ck8QIiqj8y,Bevon,Adshede,badshedea1@cyberchimps.com,5931684889,Brest
mhustona2,zWAfZCA5My,Mohandas,Huston,mhustona2@miitbeian.gov.cn,5444901727,PSG
jhallforda3,GE8m0CNJfHci,Joe,Hallford,jhallforda3@mozilla.org,9166893174,Sampdoria
bwhittocka4,iSyzeK8z,Brandea,Whittock,bwhittocka4@nih.gov,6094756473,Montpellier
mfairbrassa5,bQ4Pp7W6HD5e,Meir,Fairbrass,mfairbrassa5@ameblo.jp,7747519864,Watford
sgottera6,7GoQPo6tqhA,Skippie,Gotter,sgottera6@mashable.com,8593613620,Twente
uwhiteroda7,DJGrO94K9nf7,Ugo,Whiterod,uwhiteroda7@squidoo.com,6329324945,Rubin Kazan
amatussevicha8,WeCcmO,Alva,Matussevich,amatussevicha8@unblog.fr,8173295369,Sint-Truiden
cgodspeedea9,qCFk6x,Carver,Godspeede,cgodspeedea9@meetup.com,5179877689,Crystal Palace
eparbrookaa,PuseDVwoj,Eugenie,Parbrook,eparbrookaa@sina.com.cn,9859216235,Moreirense
arissoab,0mpykheOav5a,Alessandro,Risso,arissoab@mapquest.com,9587966921,Cercle Brugge
badamoac,Hkz0Om75,Byram,Adamo,badamoac@forbes.com,9542839832,Athletic Bilbao Bilbao
denstonead,mmfUxO,Dix,Enstone,denstonead@europa.eu,6484569103,Mainz 05
cbillettae,m4xXFx2CAqXh,Carolynn,Billett,cbillettae@noaa.gov,4169128752,Chelsea
ibolinoaf,n7yz0Rd2,Iosep,Bolino,ibolinoaf@surveymonkey.com,4966821424,Reims
mfereag,6rrBaQZ3X,Myrilla,Fere,mfereag@studiopress.com,1032069222,ADO Den Haag
amillikenah,iBYhFzerlBQT,Allin,Milliken,amillikenah@geocities.jp,4648077543,Nice
kgiacominiai,r5ByZYbuij,Kleon,Giacomini,kgiacominiai@nsw.gov.au,1573951324,Celta Vigo
jwoollardaj,092BG3HYdLmV,Jerry,Woollard,jwoollardaj@addtoany.com,3418601544,Club Brugge
epesak,4zSy9MuLxdY7,Else,Pes,epesak@meetup.com,3804916876,Bayer Leverkusen
fleggenal,etsmmef2JkA,Flossy,Leggen,fleggenal@fastcompany.com,8133930604,Bayern Munich
sbernardonam,SqEdF8Dd,Sonni,Bernardon,sbernardonam@hud.gov,3393179065,Ufa
fbuchananan,vmiUNXvl,Ferguson,Buchanan,fbuchananan@buzzfeed.com,6998310658,Alaves
ydipietroao,Be0QCCLJIn,Yetta,Di Pietro,ydipietroao@vimeo.com,3331092672,Eintracht Frankfurt
mtremolieresap,d3HxGr6HLS,Munmro,Tremolieres,mtremolieresap@rambler.ru,5218680549,Atalanta
jsheermanaq,MhrMbba1N3Jo,Jeannette,Sheerman,jsheermanaq@privacy.gov.au,3635446042,Utrecht
shallamar,mXLOmQwXeGf,Skyler,Hallam,shallamar@zimbio.com,4794424615,Dijon
kvennyas,ZKldCUXU,Katharyn,Venny,kvennyas@wix.com,3171312640,TSG Hoffenheim
myorkeat,HP2nDw,Meg,Yorke,myorkeat@meetup.com,6533511407,Tottenham Hotspur
kproswellau,VEn0Ik,Kayne,Proswell,kproswellau@epa.gov,9172908938,Feyenoord
cpollandav,afGhig,Celestina,Polland,cpollandav@sourceforge.net,2649709963,Monaco
lbausmannaw,wTa19O8EL,Lazar,Bausmann,lbausmannaw@diigo.com,8897012303,Spartak Moscow
tmarshallax,jNGGC1ul,Tabbi,Marshall,tmarshallax@booking.com,9845949809,Bournemouth
wcleefay,ewus1njklRk4,Walsh,Cleef,wcleefay@nydailynews.com,5714705514,Liverpool
ncottesfordaz,vEzVlKaFOzPr,Nollie,Cottesford,ncottesfordaz@deviantart.com,2001442262,Real Madrid
felphickb0,R0FMXe7imK,Frederick,Elphick,felphickb0@eepurl.com,3853026495,Nantes
jmerveilleb1,ZIg0sXv9ll0L,Jaquenette,Merveille,jmerveilleb1@skype.com,7062046933,Werder Bremen
afreiburgerb2,QpQbFNY,Allayne,Freiburger,afreiburgerb2@jigsy.com,5329212722,Hellas Verona
lfalcusb3,qkBSsBo5b3Q,Lesli,Falcus,lfalcusb3@miitbeian.gov.cn,5968016486,Charleroi
fdillowb4,h0h9BUm,Frank,Dillow,fdillowb4@tuttocitta.it,8906055185,Leicester City
rmcwhinb5,Dfc3vQO1,Rhiamon,McWhin,rmcwhinb5@delicious.com,7811738901,Zenit Saint Petersburg
dgavanb6,Q2X81k9,Damara,Gavan,dgavanb6@domainmarket.com,5423844277,Brighton & Hove Albion
tmylanb7,ot6RF3cVim,Tabby,Mylan,tmylanb7@feedburner.com,3272781209,Napoli
jsootsb8,VLxSxbw,Jason,Soots,jsootsb8@bluehost.com,2176075970,Sevilla Seville
ddealeyb9,nrgJ3QOpN,Derek,Dealey,ddealeyb9@opensource.org,2216093420,Orenburg
fgaunterba,kHzMGxQDCj,Franny,Gaunter,fgaunterba@google.es,2706558019,Porto
mdaftbb,ovvsQp,Misti,Daft,mdaftbb@unblog.fr,1861163513,RB Leipzig
adwirebc,pODTbS,Aloin,Dwire,adwirebc@cbslocal.com,9519621935,Wolverhampton Wanderers
rpinillabd,tJV1LwzrG2QA,Ricki,Pinilla,rpinillabd@list-manage.com,2613644145,Dynamo Moscow
fpinelbe,fcYjz6No,Florry,Pinel,fpinelbe@cbslocal.com,8735250934,Waasland-Beveren
gstedmanbf,KhYjjUv,Gayler,Stedman,gstedmanbf@dion.ne.jp,2433244601,Fortuna Dosseldorf
epatingtonbg,cBRuQ0DX,Esther,Patington,epatingtonbg@mapquest.com,3074253430,Getafe
baylesburybh,jRMAhwn,Boris,Aylesbury,baylesburybh@miitbeian.gov.cn,9771802452,Tondela
chundalbi,ilRXIFuHjDQW,Cyrillus,Hundal,chundalbi@woothemes.com,1549074049,Sparta Rotterdam
vbesekebj,NMFDsGDM,Valencia,Beseke,vbesekebj@csmonitor.com,8527391378,Barcelona
dtaftbk,itbX53BleW6,Deedee,Taft,dtaftbk@opensource.org,8785642293,Amiens
rmadenbl,yFuhKp,Rosanna,Maden,rmadenbl@guardian.co.uk,7522688989,Udinese
eausellobm,ZMPYrbPd,Eileen,Ausello,eausellobm@over-blog.com,2556326572,Borussia Dortmund
fosirinbn,Yf875iUVZ,Frannie,O'Sirin,fosirinbn@paginegialle.it,7361502601,Belenenses SAD
lsidebo,mhuWIMxihbT7,Lothaire,Side,lsidebo@ifeng.com,6643471097,Emmen
gmorgenbp,92u6NkUWx76a,Geri,Morgen,gmorgenbp@simplemachines.org,2147755561,RKC Waalwijk
llaxenbq,UOBMTCtiFQU,Lowrance,Laxen,llaxenbq@usa.gov,5059961518,Valencia
arawetbr,PjQKnq6bKY,Alejandro,Rawet,arawetbr@naver.com,6843414738,Tambov
ilaybs,uaFyKWrtW4Pu,Indira,Lay,ilaybs@nifty.com,9964144767,Genoa
akrollebt,ZZZCGoWExD,Alyosha,Krolle,akrollebt@businessinsider.com,6825070497,Heracles Almelo
liacoviellobu,8RwZOFnc6EsY,Lou,Iacoviello,liacoviellobu@taobao.com,4313902488,Rio Ave
fklaffbv,XrIvZPxiv2,Foster,Klaff,fklaffbv@joomla.org,8674449575,Metz
bfullombw,qsfDl1fA9M,Barbabas,Fullom,bfullombw@ovh.net,4894013981,Arsenal Tula
rmetterickbx,NNZdrT3iSK,Rosana,Metterick,rmetterickbx@cnn.com,7366567437,Mallorca
talcidoby,3R6ZOmmUQ,Tades,Alcido,talcidoby@wikimedia.org,6817477239,Benfica
hdozdillbz,8JDLSXa,Holly-anne,Dozdill,hdozdillbz@51.la,3584061702,Granada
mprimoc0,qCPs3zNf,Marty,Primo,mprimoc0@aol.com,7713059919,Valladolid
eteazc1,Op5sT4p8Q9kt,Eberto,Teaz,eteazc1@paginegialle.it,4851231053,Gent
plamacraftc2,84mOxKwvCQ3v,Perice,Lamacraft,plamacraftc2@printfriendly.com,8746083885,Mouscron
sgenesec3,zYM42QH,Sean,Genese,sgenesec3@mapquest.com,5898789541,Lecce
ssaladinec4,WwqNeUTZbmgQ,Silvester,Saladine,ssaladinec4@indiegogo.com,7873255475,Parma
hmallamc5,6HHu3W,Hannie,Mallam,hmallamc5@free.fr,2214220472,Angers
prostronc6,HMHC3sS,Porter,Rostron,prostronc6@last.fm,9378944446,Genk
dbrydiec7,IPaZGA,Darrel,Brydie,dbrydiec7@g.co,7857424246,VfL Wolfsburg
gsoughtonc8,EddTEEw,Griz,Soughton,gsoughtonc8@nymag.com,4865440359,Groningen
mmatthewsc9,AValvAEK,Mabelle,Matthews,mmatthewsc9@soup.io,3454847142,Eibar
cbridleca,gqtU26xzH,Connie,Bridle,cbridleca@home.pl,9842956638,Norwich City
kdizliecb,n1t9eHSW2,Kev,Dizlie,kdizliecb@amazon.co.uk,7811780359,Strasbourg
shandfordcc,hbVvthN2R,Sidoney,Handford,shandfordcc@mac.com,1086868294,Oostende
fserruriercd,kdM2852,Ferrel,Serrurier,fserruriercd@bbc.co.uk,5205555553,Roma
arichardsce,qB9tlam1Mz,Audry,Richards,arichardsce@microsoft.com,9485919358,Krasnodar
mproudlockcf,rbzwmdnbbo,Mickey,Proudlock,mproudlockcf@ebay.com,6792193567,PSV Eindhoven
ggabbottscg,nBnLiKq9ly,Gerhard,Gabbotts,ggabbottscg@unesco.org,5321129199,FC Ural
dscempch,GWocbcPWV,Dougie,Scemp,dscempch@nhs.uk,1192148441,Braga
sbetteridgeci,5noKM5shy0,Siffre,Betteridge,sbetteridgeci@ask.com,8555009990,Newcastle United
jmawtuscj,AXzqHr,Joyce,Mawtus,jmawtuscj@tuttocitta.it,7306385633,Torino
adarkinck,Pomxl7LuF,Amelie,Darkin,adarkinck@printfriendly.com,2662133246,Leganes
wpyecroftcl,Yamh3qS6e2Z,Walther,Pyecroft,wpyecroftcl@soup.io,5954418347,Southampton
gzannutocm,EoNkGT,Gunter,Zannuto,gzannutocm@oaic.gov.au,1368098578,Toulouse
mbrouardcn,Fb8iqtxbMKuj,Merle,Brouard,mbrouardcn@un.org,3519468599,Famalicao
mlebarreco,E8FcSVfir,Melodee,Le Barre,mlebarreco@usgs.gov,7911965992,Borussia Monchengladbach
worourkecp,7c3SFwbXtiX,Wain,O'Rourke,worourkecp@washington.edu,3642132119,Real Betis
rmeerecq,o4YU1EXcycI,Ralina,Meere,rmeerecq@artisteer.com,9429429014,Saint-Etienne
cvasentsovcr,DW7XFdIf61,Celka,Vasentsov,cvasentsovcr@odnoklassniki.ru,8276727446,Santa Clara
djeavonscs,6kuhyFPV7NNK,Dael,Jeavons,djeavonscs@qq.com,5612756389,Atletico Madrid Madrid
dsnookct,p30eSss,Darlene,Snook,dsnookct@miitbeian.gov.cn,5505122397,CSKA Moscow
tdelacicu,5XPrGa,Tanny,De Laci,tdelacicu@microsoft.com,1995450722,Bordeaux
poronancv,S2AEokR,Piggy,O' Ronan,poronancv@go.com,9129209066,Espanyol
naronsohncw,LuRHAKTiOYjH,Nalani,Aronsohn,naronsohncw@slideshare.net,4424632216,Milan
efullagarcx,CBNMob,Elayne,Fullagar,efullagarcx@ustream.tv,7543482248,Nimes
jquailcy,iWivZNC,Jordan,Quail,jquailcy@youtube.com,7093547157,Vitoria de Setubal
mperrygocz,Ou5TCuoXQ,Minni,Perrygo,mperrygocz@technorati.com,5321714298,Internazionale
tabramowskyd0,r4PywPCxo,Thorn,Abramowsky,tabramowskyd0@weibo.com,3886429425,Sassuolo
dsabated1,YqKGf5YfOB,Dela,Sabate,dsabated1@hud.gov,1126750355,Levante
mannwyld2,MYxAN87I,Mahmoud,Annwyl,mannwyld2@comsenz.com,8547734046,Gil Vicente
lbilhamd3,ckbShMMhpmqT,Lucilia,Bilham,lbilhamd3@joomla.org,4197980338,Zulte Waregem
wweaferd4,d4cgOr,Westleigh,Weafer,wweaferd4@cloudflare.com,3149955369,Mechelen
gcristold5,kXEQB9D,Gearalt,Cristol,gcristold5@icq.com,4158347790,Hertha BSC
cjoubertd6,hAdLr3kSKe9,Claudell,Joubert,cjoubertd6@gnu.org,7175685450,Sheffield United
avelezd7,Ji8pDD30,Almeria,Velez,avelezd7@ed.gov,6996043905,Krylia Sovetov
efransinellid8,mbDchZ5,Eleanore,Fransinelli,efransinellid8@discuz.net,4184821228,Standard Liege
lfarragherd9,lDcu6HuJO99,Lauren,Farragher,lfarragherd9@163.com,6933307889,Juventus
emcclochda,P2XhGfxpD,Earle,McCloch,emcclochda@artisteer.com,9424001918,Rennes
khoydb,U6f92IksWV,Ken,Hoy,khoydb@princeton.edu,4949842069,Arsenal
jstlouisdc,ng8SZ7qi5ad,Javier,St. Louis,jstlouisdc@sbwire.com,2513805831,SPAL
kbonwelldd,S7yRMxV,Keely,Bonwell,kbonwelldd@foxnews.com,6355654777,Burnley
lhighnamde,Bzj6pkDtnYO,Link,Highnam,lhighnamde@gmpg.org,8382363871,Eupen
lvercruyssedf,Kn07S4WYz1aj,Lloyd,Vercruysse,lvercruyssedf@twitpic.com,3546886544,Fortuna Sittard
ihoulisondg,DO0g15n,Ilaire,Houlison,ihoulisondg@t-online.de,8612625892,FC Koln
jdronsfielddh,BXLrxOPBo,Jemie,Dronsfield,jdronsfielddh@bloglines.com,5257264581,Willem II
rpalatinidi,I9P4TR5rMLm,Renae,Palatini,rpalatinidi@nydailynews.com,5769167113,Kortrijk
rtiremandj,2AChwWJ,Rois,Tireman,rtiremandj@google.ca,2106503820,Rostov
mbobaschdk,4dWF83J,Massimiliano,Bobasch,mbobaschdk@nature.com,4633311165,VVV-Venlo
jfillsdl,8DaFTeXpt,Judas,Fills,jfillsdl@feedburner.com,9038164906,Cagliari
tbalchindm,bvM3NG1QC,Thelma,Balchin,tbalchindm@acquirethisname.com,9209296539,Heerenveen
rphupratedn,M6JG1Ze1ZWIA,Roldan,Phuprate,rphupratedn@wufoo.com,5498044652,Sochi
sgoselingdo,dQRfC5,Sherie,Goseling,sgoselingdo@reverbnation.com,2044563850,Boavista
ngradleydp,66PlezT1Q1,Nevil,Gradley,ngradleydp@ucoz.com,9201638331,Vitoria de Guimaraes
rhainsdq,ThwtZKOi,Rochester,Hains,rhainsdq@wufoo.com,1432497169,Union Berlin
shopkynsondr,BxmoTb,Shea,Hopkynson,shopkynsondr@chronoengine.com,5013544944,Bologna
rgodboldds,ZXsDsI1,Ruddie,Godbold,rgodboldds@networksolutions.com,2283867944,Schalke 04
icotmoredt,Ej3Dh35exQ0,Inez,Cotmore,icotmoredt@npr.org,1814274508,Fiorentina
dbeattydu,9nUFYyqmIe,Denni,Beatty,dbeattydu@tiny.cc,3738669534,Vitesse
tmackrielldv,YGyDTikBKhmm,Tammie,Mackriell,tmackrielldv@4shared.com,5514557846,Anderlecht
dsapirdw,jrGE2Dsab,Dale,Sapir,dsapirdw@technorati.com,5168460905,Manchester United
lmintramdx,pAqhZJ9t6YFQ,Lira,Mintram,lmintramdx@theglobeandmail.com,2524870681,Aston Villa
jduforedy,eB3r0Tucbft,Jeane,Dufore,jduforedy@baidu.com,6584787332,Antwerp
ablankleydz,x5FdkfKnjsgx,Anita,Blankley,ablankleydz@columbia.edu,7197795792,Brescia
civashine0,EAArOCHIJk,Clair,Ivashin,civashine0@cnn.com,3857611136,Lille
rfaine1,vSRJuoL,Randal,Fain,rfaine1@tripadvisor.com,1003291187,Everton
vcarolinee2,KEiN8N,Valdemar,Caroline,vcarolinee2@over-blog.com,7208097148,SC Freiburg
tbande3,Oh8OCvEe,Taylor,Band,tbande3@ucoz.ru,3005005414,Maritimo
avoyseye4,BjJ7suit,Averil,Voysey,avoyseye4@canalblog.com,7818625783,AZ
bshotbolte5,9JyG06ki,Bernetta,Shotbolt,bshotbolte5@mlb.com,5713404591,Real Sociedad
xgummowe6,G5XkQ1GS,Xylina,Gummow,xgummowe6@shinystat.com,7422501807,Lazio
aswinerde7,0bS4oTCZ,August,Swinerd,aswinerde7@hubpages.com,3034072987,Akhmat Grozny
pswyersexeye8,4hIx0d6shCB,Pennie,Swyer-Sexey,pswyersexeye8@ning.com,6733578863,Marseille
okingzete9,mPCnSySm0kpI,Obie,Kingzet,okingzete9@myspace.com,4951143300,Portimonense
mbumfreyea,9DDYXZxcx,Melodee,Bumfrey,mbumfreyea@live.com,6115444951,Lokomotiv Moscow
craffeortyeb,Q1yF8MRaLVI,Clarke,Raffeorty,craffeortyeb@skyrock.com,2735189926,Sporting CP
srottcherec,Ho1AXE2e3,Sergent,Rottcher,srottcherec@youtu.be,1642187477,Desportivo das Aves
precked,LDWff2O584yU,Pietra,Reck,precked@bloglovin.com,9213367257,FC Augsburg
srigolleee,eyT3TsgqAG,Seth,Rigolle,srigolleee@aboutads.info,9241696836,SC Paderborn
rjachtymef,fNdfae,Remington,Jachtym,rjachtymef@wordpress.com,5837890022,Villarreal
gboatrighteg,qLBXcgp,Griz,Boatright,gboatrighteg@whitehouse.gov,5177827714,Pacos de Ferreira
btrahaireh,OMIdS1Zk8,Biddy,Trahair,btrahaireh@yolasite.com,6505951312,Ajax
bmacmichaelei,d2fgHrz,Bobby,MacMichael,bmacmichaelei@cloudflare.com,3078315413,PEC Zwolle
jstoopej,ZTVNR6S3f,Jorie,Stoop,jstoopej@tripod.com,8495254992,Osasuna
amardleek,WrHylYzHu0XO,Almeria,Mardle,amardleek@vimeo.com,1302504406,Manchester City
gthinnel,smtUphKXAnb,Gloriane,Thinn,gthinnel@wired.com,6565479511,West Ham United
psabathierem,lG39kL,Pavel,Sabathier,psabathierem@bing.com,6481463721,Lyon
lklischen,fl7Tb86iSn,Lorette,Klisch,lklischen@nbcnews.com,7803761021,Brest
rflemyngeo,rzvIUyL,Rourke,Flemyng,rflemyngeo@ucoz.com,6695273828,PSG
mchildsep,0QKUy0uqIbq4,Micah,Childs,mchildsep@wufoo.com,4132267248,Sampdoria
rdunkseq,znGmcX,Roxi,Dunks,rdunkseq@aol.com,1647169629,Montpellier
vlarosaer,JpfZa1SwsBWs,Virgilio,La Rosa,vlarosaer@cyberchimps.com,7074376275,Watford
anannies,qQG5wiyvV0tR,Angele,Nanni,anannies@topsy.com,3794799112,Twente
bscattergoodet,824RbqqB,Brigit,Scattergood,bscattergoodet@goo.ne.jp,5932343012,Rubin Kazan
htaboureu,nPSKzjL,Hal,Tabour,htaboureu@wunderground.com,8276509399,Sint-Truiden
sklinerev,Bmeek1,Starr,Kliner,sklinerev@earthlink.net,2311397525,Crystal Palace
bblumireew,jepVXdlGRoNC,Betteann,Blumire,bblumireew@youtube.com,5184060918,Moreirense
jcasementex,N8d5zhNTnBty,Jorge,Casement,jcasementex@go.com,9564394619,Cercle Brugge
bhendrikey,biflEtSx,Bidget,Hendrik,bhendrikey@eepurl.com,5529528735,Athletic Bilbao Bilbao
kgastickeez,CmWafEuXTFC,Karylin,Gasticke,kgastickeez@mediafire.com,3226581043,Mainz 05
pgiacomuzzof0,CiC3eLEA,Pavia,Giacomuzzo,pgiacomuzzof0@xinhuanet.com,2916219745,Chelsea
amyersf1,Jqrx7ngpQyJ,Avictor,Myers,amyersf1@kickstarter.com,1781259603,Reims
hspiref2,08Gy6wYEUO,Hammad,Spire,hspiref2@icio.us,9138537697,ADO Den Haag
mblankmanf3,pxTm2WEJ,Mauricio,Blankman,mblankmanf3@noaa.gov,5517775644,Nice
nheadlyf4,hjCzZ2J34R,Nata,Headly,nheadlyf4@discuz.net,2716908876,Celta Vigo
lmeltonf5,UgkXWr9S,Lin,Melton,lmeltonf5@weebly.com,7675835073,Club Brugge
fcurneenf6,P7LT2unj5,Farlee,Curneen,fcurneenf6@bloomberg.com,5064806180,Bayer Leverkusen
hbolandf7,kowAr6u,Huntley,Boland,hbolandf7@cbsnews.com,2832981693,Bayern Munich
gfolkertsf8,tBIP8O5hg1r,Gill,Folkerts,gfolkertsf8@springer.com,6822546072,Ufa
sharriganf9,T2I3H0vub,Seymour,Harrigan,sharriganf9@sitemeter.com,2638660277,Alaves
hfulfordfa,WtSoDDC,Holden,Fulford,hfulfordfa@ted.com,1234333989,Eintracht Frankfurt
bkobierzyckifb,ht8i6T,Bevan,Kobierzycki,bkobierzyckifb@usnews.com,1819929964,Atalanta
mleonardifc,SsqMk9z,Mimi,Leonardi,mleonardifc@uol.com.br,2789965840,Utrecht
cwaszkiewiczfd,iHbLmrQW,Correna,Waszkiewicz,cwaszkiewiczfd@meetup.com,5486119384,Dijon
tbraidonfe,m0hIPiss,Teddi,Braidon,tbraidonfe@nymag.com,5541807598,TSG Hoffenheim
labrahamsff,MBjC7l,Lucinda,Abrahams,labrahamsff@wordpress.org,8907340586,Tottenham Hotspur
readyfg,L4K60nOXW81S,Ruperta,Eady,readyfg@wufoo.com,2716512118,Feyenoord
rkinsleyfh,xpjOyxIeKF,Roze,Kinsley,rkinsleyfh@bravesites.com,5056857450,Monaco
mfardyfi,Ie2o54ObEv,Melitta,Fardy,mfardyfi@mysql.com,2973646100,Spartak Moscow
mblandfj,TmUjAFzxP4M,Minni,Bland,mblandfj@flickr.com,3696770824,Bournemouth
mhathwayfk,DgeduAIDtCE,Morganica,Hathway,mhathwayfk@ca.gov,1082821225,Liverpool
tlumleyfl,dWScVd3Rp,Tomasine,Lumley,tlumleyfl@geocities.jp,3449496991,Real Madrid
cknevetfm,tigQm7,Clarita,Knevet,cknevetfm@omniture.com,4698151602,Nantes
rdunwoodyfn,toBRfPhvMhW,Ronnica,Dunwoody,rdunwoodyfn@macromedia.com,7017600977,Werder Bremen
pfarreilfo,KvAD46H8,Pierette,Farreil,pfarreilfo@disqus.com,6265697207,Hellas Verona
kbenamfp,hwM6al,Kesley,Benam,kbenamfp@diigo.com,3993749543,Charleroi
nniessenfq,0ptTvRPeR,Nomi,Niessen,nniessenfq@redcross.org,1215609943,Leicester City
abuggsfr,ULudcueQV,Ashton,Buggs,abuggsfr@sogou.com,5463225445,Zenit Saint Petersburg
bsweetenhamfs,I2sWfDIMP3X,Bailie,Sweetenham,bsweetenhamfs@webeden.co.uk,7165479763,Brighton & Hove Albion
bchevisft,O1Z6iNo,Bobina,Chevis,bchevisft@rediff.com,8861126473,Napoli
imartinsfu,kogjlnXTsA,Indira,Martins,imartinsfu@mapy.cz,8706691268,Sevilla Seville
amoundfv,gIgefEp5,Alexei,Mound,amoundfv@blogtalkradio.com,6244151841,Orenburg
wmalyjfw,FIiGYGDj7j,Westbrooke,Malyj,wmalyjfw@archive.org,7208643380,Porto
drawlingfx,2A596O,Dwight,Rawling,drawlingfx@economist.com,7208864356,RB Leipzig
bbuntainfy,QMBRMcVgv,Bengt,Buntain,bbuntainfy@naver.com,5828847300,Wolverhampton Wanderers
dhaggartfz,Yie3UkW6O44,Dani,Haggart,dhaggartfz@hugedomains.com,3293922694,Dynamo Moscow
aredholeg0,oKM5cTAcAF,Anita,Redhole,aredholeg0@skype.com,6154776704,Waasland-Beveren
hquyeg1,stlrIRzd1,Halley,Quye,hquyeg1@tuttocitta.it,8179462864,Fortuna Dosseldorf
lklessmanng2,DjsDwXr,Linc,Klessmann,lklessmanng2@hexun.com,2831971735,Getafe
hgreenshieldsg3,Y7grFVpim1R,Henka,Greenshields,hgreenshieldsg3@about.com,3867169015,Tondela
emckirtong4,y1XN866e,Ermanno,McKirton,emckirtong4@mapquest.com,4318867629,Sparta Rotterdam
lspellesyg5,MDBKiDAIK,Lucky,Spellesy,lspellesyg5@mashable.com,2616006492,Barcelona
kletticeg6,q1qZis8hN,Kathleen,Lettice,kletticeg6@thetimes.co.uk,3141479893,Amiens
preesong7,tuxbev97jBiv,Phaidra,Reeson,preesong7@blogtalkradio.com,4743860840,Udinese
ycowieg8,ndgpGEePv7,York,Cowie,ycowieg8@chicagotribune.com,6308926675,Borussia Dortmund
chyndleyg9,VDx005Ums,Carolan,Hyndley,chyndleyg9@biblegateway.com,1748324929,Belenenses SAD
tzorziniga,3DsDiDtkq,Timotheus,Zorzini,tzorziniga@abc.net.au,1883411582,Emmen
vperaccogb,pvm7px0,Vernor,Peracco,vperaccogb@domainmarket.com,1963253198,RKC Waalwijk
nhewsgc,iKCUmwmf5iF,Nollie,Hews,nhewsgc@cdc.gov,1956719786,Valencia
rpaulsengd,o32Bo5Xt,Randene,Paulsen,rpaulsengd@flavors.me,3495215822,Tambov
cmckeowonge,41h91it,Chancey,McKeowon,cmckeowonge@wikimedia.org,8529171148,Genoa
stabordgf,stGlBj09ni,Salomone,Tabord,stabordgf@addthis.com,9104686057,Heracles Almelo
hcarisgg,j7QGLhC,Hunfredo,Caris,hcarisgg@blogspot.com,7888088602,Rio Ave
cellamsgh,yQct9N,Constantine,Ellams,cellamsgh@linkedin.com,5773564425,Metz
cheepsgi,HhUAKJJrEl,Carroll,Heeps,cheepsgi@blogs.com,8245587838,Arsenal Tula
lstylesgj,WEunjgoXZtaa,Louisette,Styles,lstylesgj@chron.com,6602967496,Mallorca
mveneurgk,3lWboBY,Marcelline,Veneur,mveneurgk@last.fm,5939548992,Benfica
gebbinggl,IpOfycfLQK,Gayle,Ebbing,gebbinggl@weebly.com,3679916192,Granada
ywoodburngm,Bj0Ptsshck,Yankee,Woodburn,ywoodburngm@cbc.ca,3099701141,Valladolid
dbrisseaugn,VMXhHou,Darin,Brisseau,dbrisseaugn@mac.com,2062998578,Gent
jgrabertgo,g02cCc,Justen,Grabert,jgrabertgo@comsenz.com,9135506686,Mouscron
aromerilgp,fqGE32PkmyQ,Allyson,Romeril,aromerilgp@amazon.co.uk,9942418666,Lecce
vwoodnuttgq,Kg1Nny,Vaughan,Woodnutt,vwoodnuttgq@slate.com,6967219455,Parma
ldewersongr,bDx5cO,Lina,Dewerson,ldewersongr@ifeng.com,8118663621,Angers
aoxenhamgs,KWPC5FOFJHli,Augustin,Oxenham,aoxenhamgs@senate.gov,3736263517,Genk
fbewfieldgt,neeNi4vePz,Ford,Bewfield,fbewfieldgt@quantcast.com,9193241867,VfL Wolfsburg
nkeymegu,LbmLdrDxkE9,Nissie,Keyme,nkeymegu@alibaba.com,5131525604,Groningen
rgirardettigv,XXobPgWAySd,Roberta,Girardetti,rgirardettigv@quantcast.com,6307567249,Eibar
rarchambaultgw,KGpt7xY,Rahel,Archambault,rarchambaultgw@ifeng.com,6159684192,Norwich City
cnodingx,K2zYDY2,Cully,Nodin,cnodingx@soundcloud.com,1439874675,Strasbourg
rbowgengy,t8h0kpxPGGs,Renard,Bowgen,rbowgengy@engadget.com,7256034156,Oostende
ggannangz,dXr6BESebHms,Glenda,Gannan,ggannangz@reference.com,1733562750,Roma
rtottieh0,g0pAQtlO,Roosevelt,Tottie,rtottieh0@yellowpages.com,4499820128,Krasnodar
psyderh1,zAqsmte,Pen,Syder,psyderh1@biblegateway.com,8266860317,PSV Eindhoven
rswaith2,Krd0awdyx0Y,Richmound,Swait,rswaith2@timesonline.co.uk,8594550349,FC Ural
mrobezh3,uhQv204wGAS,Mala,Robez,mrobezh3@ning.com,2186526738,Braga
gscotchbrookh4,TQg0mZO3Ub7u,Gregoor,Scotchbrook,gscotchbrookh4@answers.com,4708355987,Newcastle United
nkillshawh5,jupZOhefV,Nixie,Killshaw,nkillshawh5@rediff.com,3517853271,Torino
wduiganh6,3zevVHAU,Wye,Duigan,wduiganh6@craigslist.org,6687801023,Leganes
jcecih7,5nhhKPm66Qk,Jobina,Ceci,jcecih7@virginia.edu,5003655020,Southampton
csandonh8,kQaf9Ha86,Carmelia,Sandon,csandonh8@indiegogo.com,8086398355,Toulouse
kbiasinih9,GxgpFy5,Keir,Biasini,kbiasinih9@jugem.jp,1936382513,Famalicao
mbrokenshawha,vaZwUHuT,Mallorie,Brokenshaw,mbrokenshawha@rediff.com,1946500755,Borussia Monchengladbach
dlandsberghb,hE2WBrcbsXa,Dominique,Landsberg,dlandsberghb@cmu.edu,2542966461,Real Betis
cowbridgehc,cTiwLMCVJII,Cheslie,Owbridge,cowbridgehc@merriam-webster.com,9785758272,Saint-Etienne
ageavenyhd,1qmqics,Archambault,Geaveny,ageavenyhd@opensource.org,4094798530,Santa Clara
rcordobeshe,Uzs7ZmjwmL,Rogers,Cordobes,rcordobeshe@xing.com,2357967261,Atletico Madrid Madrid
kshotboulthf,y1q8oQrN,Kent,Shotboult,kshotboulthf@imgur.com,6326881931,CSKA Moscow
bgeckhg,YNF7NS0980Vf,Burton,Geck,bgeckhg@privacy.gov.au,1118088496,Bordeaux
cpaishhh,Ew4Sbn,Creight,Paish,cpaishhh@cdbaby.com,9452565538,Espanyol
olevinghi,EaVogddDoLd,Olav,Leving,olevinghi@privacy.gov.au,5506880494,Milan
vhughillhj,RyAxubh5Tzz,Virgina,Hughill,vhughillhj@gizmodo.com,5599916866,Nimes
fdamperhk,oqfNvgqA,Fitzgerald,Damper,fdamperhk@blogger.com,5938005799,Vitoria de Setubal
rsametthl,2l38SgGA,Ruttger,Samett,rsametthl@ibm.com,5655762493,Internazionale
fmckimmhm,W0pmVTBQge01,Fayina,McKimm,fmckimmhm@nhs.uk,7897455199,Sassuolo
bromandhn,CjgDDkH0I2K,Broddy,Romand,bromandhn@naver.com,2276934613,Levante
tgockeho,XgNIPek,Talya,Gocke,tgockeho@fc2.com,9653718720,Gil Vicente
zsiemenshp,RzNil1wdS,Zacharia,Siemens,zsiemenshp@soup.io,4005735554,Zulte Waregem
athebeauhq,kPc78h,Archibaldo,Thebeau,athebeauhq@miitbeian.gov.cn,2282187502,Mechelen
mpaulazzihr,k0xB8geAwS,Melli,Paulazzi,mpaulazzihr@admin.ch,7756279610,Hertha BSC
hchastagnierhs,yU1mkWvwUhoI,Harmon,Chastagnier,hchastagnierhs@123-reg.co.uk,8501489063,Sheffield United
djohannessonht,cMJSxsRLFsO,Domenic,Johannesson,djohannessonht@census.gov,2787944146,Krylia Sovetov
tjiruhu,7QU3VbL,Tally,Jiru,tjiruhu@barnesandnoble.com,3186256758,Standard Liege
bshaperahv,6gEgX7MdBCCC,Bar,Shapera,bshaperahv@vistaprint.com,7336961441,Juventus
vstoryhw,IAvXTdLo,Vida,Story,vstoryhw@issuu.com,4915061475,Rennes
cpadsonhx,j3jp21K1kd,Cathi,Padson,cpadsonhx@nationalgeographic.com,9281857373,Arsenal
asemperhy,hSXvewR54q4x,Andrey,Semper,asemperhy@mayoclinic.com,1857411402,SPAL
gspeddinhz,bJd4Yw,Glad,Speddin,gspeddinhz@about.com,8998317444,Burnley
isilvermanni0,lCbNt8,Ianthe,Silvermann,isilvermanni0@un.org,6992200096,Eupen
apainteri1,IZKPSt,Ainslie,Painter,apainteri1@cnbc.com,7694332838,Fortuna Sittard
mbilverstonei2,AicoV4G,Martita,Bilverstone,mbilverstonei2@bbb.org,6208638699,FC Koln
ebrookwelli3,VAZs1xlGt,Elisha,Brookwell,ebrookwelli3@oaic.gov.au,8201404024,Willem II
ofortnami4,xWUymgi1,Odelia,Fortnam,ofortnami4@nsw.gov.au,1657726356,Kortrijk
bkeeleri5,FdF1q1sGwKLJ,Blanche,Keeler,bkeeleri5@jiathis.com,9428866256,Rostov
ameakesi6,yuCd8delik3v,Ambrose,Meakes,ameakesi6@walmart.com,7402634923,VVV-Venlo
dnorewoodi7,L1LKgUX,Doloritas,Norewood,dnorewoodi7@yandex.ru,7955052377,Cagliari
zmorpheti8,0ZvawAvRFJ,Zach,Morphet,zmorpheti8@china.com.cn,2246433460,Heerenveen
labilowitzi9,Os0wa9U,Lauri,Abilowitz,labilowitzi9@auda.org.au,9542365387,Sochi
ujollyia,u5O0CZ,Ula,Jolly,ujollyia@drupal.org,9847416127,Boavista
mhabershawib,ZcVhhfOg5bb9,Michal,Habershaw,mhabershawib@odnoklassniki.ru,9298402730,Vitoria de Guimaraes
qarissic,w5Qic7bbV,Querida,Ariss,qarissic@ow.ly,9545516311,Union Berlin
cwhitefordid,isSDFe5,Cindie,Whiteford,cwhitefordid@home.pl,1619985914,Bologna
gberriballie,AgLJR9QAd,Gennie,Berriball,gberriballie@tripadvisor.com,6976624622,Schalke 04
kcalfif,XZsjCX8HiW,Katie,Calf,kcalfif@plala.or.jp,7897486441,Fiorentina
cmcclellandig,4diWjU53tP,Ced,McClelland,cmcclellandig@diigo.com,1289353437,Vitesse
nridingih,Yn7MOE3F,Natty,Riding,nridingih@columbia.edu,9338090801,Anderlecht
hdeardenii,sThVViVo71J,Hervey,Dearden,hdeardenii@ox.ac.uk,8485791617,Manchester United
kborgij,YyZAmAPPqYTk,Kimberley,Borg,kborgij@com.com,4158727865,Aston Villa
cmccawleyik,RLLtym,Colene,McCawley,cmccawleyik@usa.gov,6841411994,Antwerp
eoheffernanil,NF1XblE9,Evyn,O'Heffernan,eoheffernanil@sogou.com,2143128987,Brescia
blumbim,fPOfkNUWS4cW,Bernardina,Lumb,blumbim@webeden.co.uk,8988668477,Lille
emorotin,5xEjaWisv9E1,Evelyn,Morot,emorotin@aboutads.info,4392880896,Everton
apredohlio,aR50o7sqngV,Aurore,Predohl,apredohlio@creativecommons.org,2452737208,SC Freiburg
tdumperip,2KkAQVN,Tammie,Dumper,tdumperip@elpais.com,6477734216,Maritimo
byankeeviq,CS3VPCTBH2U,Belita,Yankeev,byankeeviq@nifty.com,3595554177,AZ
cjanochir,5BqXWDS,Corbie,Janoch,cjanochir@imdb.com,9835297957,Real Sociedad
ndalgleishis,OV54KDYio0f,Noni,Dalgleish,ndalgleishis@weebly.com,4555293017,Lazio
fnorthleighit,lg6yZEGl,Forester,Northleigh,fnorthleighit@cdc.gov,8209291839,Akhmat Grozny
psapsediu,RrWOt3R,Patrick,Sapsed,psapsediu@imgur.com,1525464401,Marseille
tcalteroneiv,p49n6kKcu0uE,Tracy,Calterone,tcalteroneiv@microsoft.com,9666100750,Portimonense
gredferniw,f3HcpRksdAt2,Gianna,Redfern,gredferniw@addtoany.com,2661738255,Lokomotiv Moscow
ideeveyix,pSwVtMW6eGxr,Igor,Deevey,ideeveyix@1und1.de,5493131888,Sporting CP
jhamelyniy,b9cNY3RVpv74,Joellen,Hamelyn,jhamelyniy@home.pl,6609636061,Desportivo das Aves
mheinickeiz,1xkPAm0,Mahala,Heinicke,mheinickeiz@clickbank.net,2794756385,FC Augsburg
abasekj0,wmLyWPWl,Artair,Basek,abasekj0@bloomberg.com,4588740699,SC Paderborn
swrightj1,BqWZc7U4mc,Sindee,Wright,swrightj1@youku.com,9495170938,Villarreal
uhalversenj2,70Nrpy,Ulrica,Halversen,uhalversenj2@pinterest.com,6777931364,Pacos de Ferreira
iskaymanj3,hgqYtWDE,Ichabod,Skayman,iskaymanj3@imdb.com,8063358261,Ajax
doxleej4,3blM3FfEN,Dore,Oxlee,doxleej4@webs.com,2612135149,PEC Zwolle
lwilksj5,FsnwcBTS,Lorelle,Wilks,lwilksj5@shutterfly.com,2475394299,Osasuna
jwhardleyj6,x8zSvs1bujc,June,Whardley,jwhardleyj6@pinterest.com,2729509294,Manchester City
bworkmanj7,ffHa29Swg,Bordie,Workman,bworkmanj7@nbcnews.com,4131917986,West Ham United
mdowkerj8,fSgdDIFC,Millisent,Dowker,mdowkerj8@ning.com,3318337667,Heracles Almelo
dmillisj9,Fac575,Dorrie,Millis,dmillisj9@histats.com,6213574500,Rio Ave
mfennyja,BTc56f,Mechelle,Fenny,mfennyja@google.cn,6906598893,Metz
uchettoejb,HMWqmE1q,Ursulina,Chettoe,uchettoejb@php.net,4179485776,Arsenal Tula
abrabbenjc,5KbptXMER,Ardra,Brabben,abrabbenjc@goodreads.com,1192844578,Mallorca
lphillputjd,ZvrOsovzgNHL,Lane,Phillput,lphillputjd@prweb.com,4755976791,Benfica
wnertneyje,PzZFQ5RcaIeY,Wendell,Nertney,wnertneyje@eepurl.com,2394776409,Granada
farmsdenjf,stxwnl,Fifine,Armsden,farmsdenjf@sitemeter.com,7054952118,Valladolid
atrowjg,DA66vBz3p,Annalise,Trow,atrowjg@domainmarket.com,1828177678,Gent
hanfonsijh,16jodljcKdTj,Hyacintha,Anfonsi,hanfonsijh@msu.edu,1544688476,Mouscron
hspierji,lo82FTyYJtLm,Halimeda,Spier,hspierji@cbsnews.com,7183307259,Lecce
mrussjj,vyX63GZjij,Martha,Russ,mrussjj@amazon.de,7315923583,Parma
showardgaterjk,djI4QzUKA,Sydel,Howard - Gater,showardgaterjk@alibaba.com,3025865093,Angers
brochfordjl,U4jWVZbe,Blakelee,Rochford,brochfordjl@who.int,7118868406,Genk
fjouhandeaujm,WNf8STSNa,Frants,Jouhandeau,fjouhandeaujm@joomla.org,1544336915,VfL Wolfsburg
zjakuszewskijn,wxqNdGZ2pU,Zach,Jakuszewski,zjakuszewskijn@toplist.cz,1817076322,Groningen
stirtejo,ThMOytK,Stevana,Tirte,stirtejo@latimes.com,5418742328,Eibar
vkilshalljp,IS8ccQ,Vaclav,Kilshall,vkilshalljp@princeton.edu,2068370760,Norwich City
jswidenbankjq,jJ7lQofno1Lk,Johnathan,Swidenbank,jswidenbankjq@nih.gov,1821094294,Strasbourg
mtrudgionjr,9DDye7MgzYN,Mirella,Trudgion,mtrudgionjr@angelfire.com,9074108997,Oostende
pkearneyjs,xs6TTu,Priscilla,Kearney,pkearneyjs@vinaora.com,9363832309,Roma
dpetlyurajt,hr6rKrEk,Dulce,Petlyura,dpetlyurajt@myspace.com,8064140560,Krasnodar
kpoutonju,AFk8cYYB,Kenon,Pouton,kpoutonju@twitpic.com,8605808474,PSV Eindhoven
alepperjv,DhTBTg3BC,Arlana,Lepper,alepperjv@gov.uk,9567459633,FC Ural
msalleryjw,U7qqweeI7P,Mahala,Sallery,msalleryjw@google.es,7402297759,Braga
jpearljx,MtlmnJ,Jaye,Pearl,jpearljx@cnn.com,9905033513,Newcastle United
sbortoluttijy,OgGgRM,Suki,Bortolutti,sbortoluttijy@wikispaces.com,3751173396,Torino
dvandenboschjz,csR8asRwnMd,Delmar,Van den Bosch,dvandenboschjz@discovery.com,8245804405,Leganes
demmittk0,CmN4du,Davidson,Emmitt,demmittk0@xrea.com,4795889159,Southampton
tmithunk1,qgR3zFf,Torrin,Mithun,tmithunk1@posterous.com,8932414955,Toulouse
jgreenardk2,6WxrXdEwS,Joane,Greenard,jgreenardk2@ftc.gov,1789409219,Famalicao
randrzejakk3,xeXPUGmz,Ronny,Andrzejak,randrzejakk3@businessweek.com,5922352002,Borussia Monchengladbach
crickeardk4,3R4eGQ0w3,Corene,Rickeard,crickeardk4@sphinn.com,7209928910,Real Betis
zboheyk5,TY8ly6W,Zarah,Bohey,zboheyk5@sciencedirect.com,3505748276,Saint-Etienne
mstourtonk6,Z0UKNv9w,Merlina,Stourton,mstourtonk6@addtoany.com,8534549862,Santa Clara
syanshinovk7,EqCeYGDhJK,Stephenie,Yanshinov,syanshinovk7@oracle.com,3465003319,Atletico Madrid Madrid
wcaffk8,nk59EYnAh,Whitby,Caff,wcaffk8@bluehost.com,6652063115,CSKA Moscow
cpavelk9,vNmsv8V3d17M,Christoph,Pavel,cpavelk9@ning.com,4661049983,Bordeaux
lversonka,nvLFemg8,Lovell,Verson,lversonka@ftc.gov,3399976297,Espanyol
wlarverkb,pGmcMTAvruGK,Wash,Larver,wlarverkb@icio.us,8042717384,Milan
iklementkc,fQn39av3k5En,Iosep,Klement,iklementkc@nih.gov,9979936866,Nimes
wcatlettekd,ftilpx3,Wittie,Catlette,wcatlettekd@rambler.ru,7967158729,Vitoria de Setubal
dplumbeke,H2GUSnY,Dom,Plumbe,dplumbeke@ovh.net,9743359432,Internazionale
nfideluskf,4QLjBbP,Nolan,Fidelus,nfideluskf@flickr.com,7543545440,Sassuolo
bsimmskg,2ICoIhl1bow,Barbi,Simms,bsimmskg@dailymotion.com,9738374144,Levante
athewskh,FKTYj611pwu2,Armin,Thews,athewskh@wikipedia.org,9769841966,Gil Vicente
mdubarryki,5k7yNBxmUi,Meriel,Du Barry,mdubarryki@liveinternet.ru,3165104879,Zulte Waregem
jmonketonkj,KAr9fcYJoCpa,Jojo,Monketon,jmonketonkj@nature.com,9156991773,Mechelen
lbrookzkk,uPqO6XaTNs0A,Leonanie,Brookz,lbrookzkk@accuweather.com,5167454344,Hertha BSC
bsneddonkl,1WMrmukE,Brnaby,Sneddon,bsneddonkl@fastcompany.com,8258448316,Sheffield United
nbroomkm,7PDq4L6Mqfq,Nevsa,Broom,nbroomkm@goodreads.com,4463343060,Krylia Sovetov
mhindshawkn,KOiW39,Monica,Hindshaw,mhindshawkn@china.com.cn,9847266429,Standard Liege
arhymesko,0b9aEK8F3,Arni,Rhymes,arhymesko@shutterfly.com,1866783127,Juventus
rstrodderkp,DADolhLf,Rickert,Strodder,rstrodderkp@webnode.com,8145009619,Rennes
pbridelkq,j4C4Dr,Pyotr,Bridel,pbridelkq@seattletimes.com,2602524032,Arsenal
pbeetlestonekr,Fsp6DvBP7yMH,Patricia,Beetlestone,pbeetlestonekr@wix.com,2206480156,SPAL
peydelks,twD9PluV,Pearl,Eydel,peydelks@posterous.com,3579332060,Burnley
pkimblenkt,uWFg2F,Perl,Kimblen,pkimblenkt@tinypic.com,6975795884,Eupen
gmalinsku,TunpxpU,Gerri,Malins,gmalinsku@arizona.edu,7185818217,Fortuna Sittard
etomeokv,sZelEJbfii,Elsinore,Tomeo,etomeokv@slashdot.org,1241256578,FC Koln
htwamleykw,sRx9bU,Humfrey,Twamley,htwamleykw@washingtonpost.com,6003532417,Willem II
ksumpterkx,dIZLzlPKnGQ,Kingsley,Sumpter,ksumpterkx@sphinn.com,4133948447,Kortrijk
liacomelliky,2ge8TiZrgd,Lexine,Iacomelli,liacomelliky@instagram.com,8589830328,Rostov
nmaierkz,4VwkUulQGi,Nettie,Maier,nmaierkz@bizjournals.com,1828594386,VVV-Venlo
ddowl0,83stY8uxVG6D,Delaney,Dow,ddowl0@blogtalkradio.com,4894181382,Cagliari
asendsl1,r8vUAFgvNLJM,Aurelie,Sends,asendsl1@yahoo.com,2098734929,Heerenveen
ldanielsohnl2,5H0HaAFEYmeO,Lou,Danielsohn,ldanielsohnl2@nature.com,1556930379,Sochi
fmeagherl3,V0aixeTrhK,Farris,Meagher,fmeagherl3@nydailynews.com,4625797636,Boavista
estainburnl4,XZCBSCMHSj,Eli,Stainburn,estainburnl4@tinypic.com,1217979261,Vitoria de Guimaraes
breinersl5,401qnU,Bale,Reiners,breinersl5@dailymotion.com,4002423998,Union Berlin
hagassl6,dyx8cfjGrtS,Hobey,Agass,hagassl6@cisco.com,3686783374,Bologna
bfearnilll7,Rcf7dz5Cy30,Beale,Fearnill,bfearnilll7@mysql.com,5534803209,Schalke 04
ygogartyl8,bZe5IAk,Ynes,Gogarty,ygogartyl8@shareasale.com,3159818325,Fiorentina
mgrocottl9,FAkvweaRBr,Morena,Grocott,mgrocottl9@chronoengine.com,2205722945,Vitesse
kbrittlebankla,VegsYuyWgIe,Karna,Brittlebank,kbrittlebankla@si.edu,8528442655,Anderlecht
dhowdenlb,mR7ynhFZBu,Dot,Howden,dhowdenlb@patch.com,3234758301,Manchester United
hbiertonlc,FFRMRq,Hedvige,Bierton,hbiertonlc@spiegel.de,2172543948,Aston Villa
sbthamld,YzPDc3pwGZ,Shayne,Btham,sbthamld@mysql.com,4488726607,Antwerp
fszymczykle,fcRybTMIyR3a,Fidelia,Szymczyk,fszymczykle@deliciousdays.com,5817238867,Brescia
olylelf,6lgfpnSXbx9,Orrin,Lyle,olylelf@icq.com,8654722900,Lille
tcarlucciolg,ggvlPML,Ted,Carluccio,tcarlucciolg@europa.eu,5391560397,Everton
sparringtonlh,5tpjyb0IRy,Simone,Parrington,sparringtonlh@feedburner.com,5828932460,SC Freiburg
jmcculleyli,Xxqmsdozjt,Janenna,McCulley,jmcculleyli@delicious.com,9207678615,Maritimo
dbeamisslj,1GUSvpGI,Drusilla,Beamiss,dbeamisslj@wisc.edu,5316562240,AZ
amckainlk,t1LQ6lCJpfNR,Aldo,McKain,amckainlk@youtube.com,1957449710,Real Sociedad
briggeardll,ecwWVJI,Bone,Riggeard,briggeardll@liveinternet.ru,1532031526,Lazio
mmcilmorielm,1cuVvdNN,Mycah,McIlmorie,mmcilmorielm@sciencedirect.com,2311437366,Akhmat Grozny
sdickonln,OxXmHulDs,Shaylynn,Dickon,sdickonln@de.vu,1789194946,Marseille
amcpecklo,p55VjtVf,Aryn,McPeck,amcpecklo@google.co.jp,1701483527,Portimonense
nkinselllp,KfzDozRzs4,Nerte,Kinsell,nkinselllp@com.com,6763613383,Lokomotiv Moscow
ffinlaterlq,Q6NpdBgV,Flory,Finlater,ffinlaterlq@bloomberg.com,8047336642,Sporting CP
clevisonlr,GcBBFgJ8nP,Chelsey,Levison,clevisonlr@ycombinator.com,6915637852,Desportivo das Aves
asunockls,u1cH0Zs,Amery,Sunock,asunockls@epa.gov,1042731910,FC Augsburg
lheartfieldlt,Cap1TT,Leontine,Heartfield,lheartfieldlt@yelp.com,6303635608,SC Paderborn
lbonafacinolu,cNskXnPqGOCE,Layton,Bonafacino,lbonafacinolu@canalblog.com,7467126633,Villarreal
iwaileslv,wfqVMb8hmq,Ingrid,Wailes,iwaileslv@msn.com,7779581676,Pacos de Ferreira
srivallandlw,XqiTzQ2Hsxg,Steven,Rivalland,srivallandlw@amazon.co.uk,5459300273,Ajax
bellingworthlx,OWQGWxrt,Bruno,Ellingworth,bellingworthlx@list-manage.com,7506943210,PEC Zwolle
ttibbly,yh9O1TToZ7,Tome,Tibb,ttibbly@wiley.com,9294713790,Osasuna
fnewartlz,cMPu3KCMKqUE,Frazier,Newart,fnewartlz@addthis.com,3115110083,Manchester City
agollandm0,4clIprzTk,Allison,Golland,agollandm0@ted.com,4809365648,West Ham United
mboughenm1,eCw8BgaImM9L,Marven,Boughen,mboughenm1@hao123.com,5419902997,Osasuna
rjoustm2,qd4lrBR0m,Reid,Joust,rjoustm2@nydailynews.com,6045384909,Manchester City
npetrosellim3,PnACxQviK,Nelly,Petroselli,npetrosellim3@geocities.jp,3527270735,West Ham United
mledgerm4,7dZM0B,Martainn,Ledger,mledgerm4@tmall.com,4284467689,Lyon
cwichardm5,kIoyvyJ,Charis,Wichard,cwichardm5@comcast.net,5168246148,Brest
scovendonm6,aEmAENqZp,Shannon,Covendon,scovendonm6@squarespace.com,3284757459,PSG
gcassinm7,V0lDFAI67RX4,Gustavus,Cassin,gcassinm7@drupal.org,9833447092,Osasuna
rmicheaum8,7JUHde,Reinaldo,Micheau,rmicheaum8@deliciousdays.com,3404813628,Manchester City
rmissenm9,I7JOwF,Ricard,Missen,rmissenm9@tumblr.com,5843747413,West Ham United
ggrennanma,bFHpOCa0,Godfrey,Grennan,ggrennanma@google.cn,2011715794,Lyon
ndudgeonmb,amnB6F,Neddy,Dudgeon,ndudgeonmb@cargocollective.com,2242435392,Brest
jgristwoodmc,VhZQD3Eo,Jerri,Gristwood,jgristwoodmc@upenn.edu,7368178972,PSG
epurcellmd,65aoSu9v,Elmore,Purcell,epurcellmd@feedburner.com,8858796075,Osasuna
lkesonme,qEIYYEXDmnQ,Linette,Keson,lkesonme@china.com.cn,4839842803,Manchester City
klimrickmf,0Qt1FGQH6,Kassey,Limrick,klimrickmf@paypal.com,3172105286,West Ham United
mkneathmg,DldUQySbI,Michael,Kneath,mkneathmg@flickr.com,5505860800,Lyon
rpeakmh,NCGl5eA1pvK,Russ,Peak,rpeakmh@wordpress.com,2107450943,Brest
cmccurleymi,kHIojmGIzP,Carling,McCurley,cmccurleymi@illinois.edu,8956771940,PSG
ccharlsonmj,RqnzXfQ,Claire,Charlson,ccharlsonmj@theguardian.com,7439030042,Osasuna
nsewartmk,SEEYAD3gj,Norma,Sewart,nsewartmk@unc.edu,4111864999,Manchester City
vmachansml,xpOYhQ,Violante,Machans,vmachansml@vinaora.com,1457752383,West Ham United
rdavidsohnmm,0MKrRwleeud,Roberto,Davidsohn,rdavidsohnmm@apache.org,6341227714,Lyon
mshaperamn,KHKXWuWIYFv,Merissa,Shapera,mshaperamn@histats.com,6742482004,Brest
kkelemenmo,U1XKY8wGGkh,Kariotta,Kelemen,kkelemenmo@apple.com,1728156709,PSG
scaruthmp,Tv1DVVFj,Saundra,Caruth,scaruthmp@hud.gov,3929839248,Osasuna
nbissetmq,jlWBkDXlFd,Netta,Bisset,nbissetmq@whitehouse.gov,8842824990,Manchester City
kfreshwatermr,qCAaOCe0D,Kimble,Freshwater,kfreshwatermr@statcounter.com,2588901787,West Ham United
greidems,0De5gC9Z,Grant,Reide,greidems@tamu.edu,5388062121,Lyon
mabyssmt,Lpy5ldiRj,Malvin,Abyss,mabyssmt@freewebs.com,3499284859,Brest
jhaslochmu,VM5KyK2bgLYy,Judd,Hasloch,jhaslochmu@cbsnews.com,9455298295,PSG
jmacalpinemv,SWbbjvkOpN0e,Judi,MacAlpine,jmacalpinemv@harvard.edu,1259208296,Osasuna
wboyingtonmw,MZPvZTM8mJ9K,Wash,Boyington,wboyingtonmw@simplemachines.org,9869358369,Manchester City
nhannentmx,ed6WsOXroKEX,Nigel,Hannent,nhannentmx@friendfeed.com,2285013231,West Ham United
ameatyardmy,gDz47MjJm,Angelika,Meatyard,ameatyardmy@xinhuanet.com,5501879971,Lyon
mticknermz,bStA9zFGPBN,Michaela,Tickner,mticknermz@php.net,3673602925,Brest
jchessiln0,p5O5sqtDC,Jamey,Chessil,jchessiln0@people.com.cn,6919800486,PSG
aolliern1,SaKr3w3vpyRP,Atlante,Ollier,aolliern1@wikia.com,9739953369,Osasuna
aschlagn2,sUBzvA6rb,Ara,Schlag,aschlagn2@uiuc.edu,9598498809,Manchester City
nmacneiln3,SIrAPv4zfI,Neil,MacNeil,nmacneiln3@disqus.com,2779865055,West Ham United
mdenzilown4,tOtBypyMQKe,Maurene,Denzilow,mdenzilown4@cloudflare.com,1278092606,Lyon
dmuckleyn5,z9365iWamC,Dierdre,Muckley,dmuckleyn5@buzzfeed.com,9747028272,Brest
ladamon6,1eZl21Aef,Leandra,Adamo,ladamon6@toplist.cz,2813587495,PSG
cotuohyn7,DXsCQST9gv,Con,O'Tuohy,cotuohyn7@sakura.ne.jp,2705325413,Osasuna
iaeryn8,LOKT8P4,Idette,Aery,iaeryn8@techcrunch.com,2416879352,Manchester City
blovickn9,9BbulMcq,Bevin,Lovick,blovickn9@discuz.net,9008014124,West Ham United
ejordinena,Nllu1502Vmp,Eleanor,Jordine,ejordinena@goo.ne.jp,5144571006,Lyon
cpollastronenb,A0o78Vul9S5,Cory,Pollastrone,cpollastronenb@ustream.tv,9215227264,Brest
agautreync,PrIi5gdJ,Adelheid,Gautrey,agautreync@who.int,1248364986,PSG
dcridgend,LArAuIIG,Dulce,Cridge,dcridgend@linkedin.com,1828009407,Burnley
aallsuppne,e1FxjnxtTYV,Angelita,Allsupp,aallsuppne@narod.ru,6871410198,Eupen
hdundredgenf,7lW65eemEN,Herve,Dundredge,hdundredgenf@psu.edu,7823663382,Fortuna Sittard
daschng,JP81dLXRRW,Dev,Asch,daschng@dot.gov,4336980866,FC Koln
plaitynh,EIf1wdZk,Padgett,Laity,plaitynh@hostgator.com,2011895586,Willem II
dcrouchni,rswcQdY,Daren,Crouch,dcrouchni@comcast.net,7913374412,Kortrijk
tmelarkeynj,ZiWFH3db,Tades,Melarkey,tmelarkeynj@pinterest.com,3141868938,Rostov
gbrissardnk,2kHqo8hvF8,Georg,Brissard,gbrissardnk@nps.gov,5533015302,VVV-Venlo
doharenl,FNTeHNQcuYmw,Demeter,O'Hare,doharenl@unesco.org,1079181857,Cagliari
dsawnm,xazsLrmH3q,Dorian,Saw,dsawnm@statcounter.com,9989656843,Heerenveen
parringtonnn,N7psVW2O,Phylys,Arrington,parringtonnn@wordpress.com,5647615575,Sochi
abrandesno,WETGTY1,Alejandrina,Brandes,abrandesno@ow.ly,4166048252,Boavista
vbrockienp,l7lHAPX,Valene,Brockie,vbrockienp@japanpost.jp,4689514092,Vitoria de Guimaraes
jdeboldnq,t1OwXrrKbi,Judah,Debold,jdeboldnq@smugmug.com,7979372276,Union Berlin
aguillotnr,8VxH5z4,Arney,Guillot,aguillotnr@mail.ru,1599679258,Bologna
mhorningns,7vJvC88peVZy,Melvyn,Horning,mhorningns@ifeng.com,4176322773,Schalke 04
mtremainnt,czxM11A1pg,Mikael,Tremain,mtremainnt@slate.com,8145605503,Fiorentina
edeverocknu,yHY6Cqg,Ezechiel,Deverock,edeverocknu@360.cn,7303136045,Vitesse
neddoesnv,Y1MoUQ7c,Nigel,Eddoes,neddoesnv@wikimedia.org,3677250934,Anderlecht
tbramblenw,RnFtSTGshb,Tiphanie,Bramble,tbramblenw@yale.edu,5812531074,Manchester United
wpesticcionx,pWxQ7SeY2,Wells,Pesticcio,wpesticcionx@auda.org.au,2424413619,Aston Villa
ddanaherny,AnszcSxcgA,Dominique,Danaher,ddanaherny@whitehouse.gov,6226337422,Antwerp
scammockenz,xQBPYa7OwHXK,Sib,Cammocke,scammockenz@biglobe.ne.jp,8637214343,Brescia
abenadetteo0,dmUh1T8hP,Andreana,Benadette,abenadetteo0@ucsd.edu,1182133206,Lille
gbusto1,5orf9oaR2eV,Gipsy,Bust,gbusto1@theatlantic.com,3068028776,Everton
pmelledyo2,DfdG8Xk73a,Phillipp,Melledy,pmelledyo2@google.co.uk,7601834465,SC Freiburg
lblackstero3,z7ksw7,Lars,Blackster,lblackstero3@toplist.cz,2101505291,Maritimo
ldorewardo4,hTWgr5u,Lanny,Doreward,ldorewardo4@themeforest.net,2234898570,AZ
kchessello5,cu2S6y3,Karie,Chessell,kchessello5@nymag.com,9683343523,Real Sociedad
gcommingso6,lUJQix,Goldia,Commings,gcommingso6@hubpages.com,1498949191,Lazio
ppyeo7,KnJzrpSTli,Pepito,Pye,ppyeo7@gravatar.com,8454778362,Akhmat Grozny
wwando8,BF2Tkkdve,Wainwright,Wand,wwando8@reference.com,8476956891,Marseille
rbauduino9,Fekzr2aUd,Reade,Bauduin,rbauduino9@house.gov,7598005983,Portimonense
baluoa,O6fMx46,Brigg,Alu,baluoa@google.com.au,1048359088,Lokomotiv Moscow
mvidgenob,Q604N5lNkoF,Maggy,Vidgen,mvidgenob@mlb.com,6853005354,Sporting CP
treddieoc,At4GPSnrZKyV,Tessa,Reddie,treddieoc@lycos.com,1954172478,Desportivo das Aves
bdockeryod,nV3bvGiq,Brewer,Dockery,bdockeryod@e-recht24.de,3311123701,FC Augsburg
mharpoe,6kF4Vw3j,Matteo,Harp,mharpoe@amazon.com,6832868260,SC Paderborn
gbargof,AyfrRwzlH,Gracie,Barg,gbargof@amazon.com,1313629034,Villarreal
shatcherog,aWBOODiK7wB,Sharla,Hatcher,shatcherog@meetup.com,7571116127,Pacos de Ferreira
dgorriesoh,mOhmPgv,Dmitri,Gorries,dgorriesoh@youku.com,2781574470,Ajax
sgandrichoi,m4g8696c,Samaria,Gandrich,sgandrichoi@washingtonpost.com,6644875220,PEC Zwolle
jhuittoj,jmeHp2QmV,Joni,Huitt,jhuittoj@typepad.com,9773547628,Osasuna
mwawerok,eFpMoT3D,Maddi,Wawer,mwawerok@washingtonpost.com,6463874589,Manchester City
lcastillouol,Scs7aR,Lurette,Castillou,lcastillouol@163.com,1491285709,West Ham United
ldimmackom,trRIAcYnIA4q,Laurel,Dimmack,ldimmackom@scientificamerican.com,7282330270,Lyon
fgadneyon,wKQ21Xt,Faina,Gadney,fgadneyon@friendfeed.com,3999584853,Brest
gpopleoo,fy44wQA7w,Gale,Pople,gpopleoo@altervista.org,4073899254,PSG
srahillop,2Czal12i,Svend,Rahill,srahillop@networksolutions.com,1041094495,Sampdoria
tboneoq,7tv1jTD3j,Tilda,Bone,tboneoq@guardian.co.uk,4391923534,Montpellier
nfinlayor,PcsJdFebcEY,Northrop,Finlay,nfinlayor@psu.edu,3143337018,Watford
cevaos,41bfnG1uVjD,Carey,Eva,cevaos@cbc.ca,3213990646,Twente
mchominskiot,AAKB2UR,Millie,Chominski,mchominskiot@blog.com,5705824354,Rubin Kazan
bgianuzziou,UEJL40Gnd,Bertrand,Gianuzzi,bgianuzziou@nature.com,3526529874,Sint-Truiden
ahymerov,TuA098arR,Atlanta,Hymer,ahymerov@symantec.com,5672826548,Crystal Palace
anewlandsow,yLb8LEKq,Alwin,Newlands,anewlandsow@altervista.org,9081525384,Moreirense
pchambersox,XvAqR1K9u,Paddy,Chambers,pchambersox@networkadvertising.org,5666953723,Cercle Brugge
cmckewoy,euyWEutV,Carlynn,McKew,cmckewoy@senate.gov,7098099868,Athletic Bilbao Bilbao
jgilardengooz,dWErC3a,Josee,Gilardengo,jgilardengooz@jigsy.com,4569498574,Mainz 05
rmatiasekp0,QLLo10rCY,Ramona,Matiasek,rmatiasekp0@liveinternet.ru,8562317275,Chelsea
chambatchp1,t7hPqZjt9B,Calla,Hambatch,chambatchp1@exblog.jp,9204620888,Reims
lbilverstonep2,Ow0eRHoWGTGb,Lyssa,Bilverstone,lbilverstonep2@is.gd,2154015488,ADO Den Haag
sacockp3,bT2WF3rhrwb,Stan,Acock,sacockp3@epa.gov,1318727209,Nice
dsaundersp4,e5BnZf6tSg2,Des,Saunders,dsaundersp4@imdb.com,2209007342,Celta Vigo
mpiscopiellop5,0vmXgG4hk,Merle,Piscopiello,mpiscopiellop5@com.com,6288320351,Club Brugge
rpendletonp6,xz4GALHMENn,Reinaldos,Pendleton,rpendletonp6@360.cn,6939811125,Bayer Leverkusen
planglandp7,bz9LEwGvnP,Petronella,Langland,planglandp7@bandcamp.com,9697902873,Bayern Munich
agradyp8,sH1QVtQg7u,Arleen,Grady,agradyp8@si.edu,5777834721,Ufa
hdillandp9,PMsexcq,Huntley,Dilland,hdillandp9@forbes.com,1386735485,Alaves
rsandelandpa,upFu5qMK,Rayshell,Sandeland,rsandelandpa@jimdo.com,8629808189,Eintracht Frankfurt
fmeccopb,R5yikB,Fayre,Mecco,fmeccopb@cnn.com,3899420711,Atalanta
esimeonepc,Afvf18,Emile,Simeone,esimeonepc@imageshack.us,3987796479,Utrecht
jducepd,62mh4e6XrCYT,Jasen,Duce,jducepd@sogou.com,1323914908,Dijon
bscotsonpe,o3VUYAucpjk,Brietta,Scotson,bscotsonpe@businessinsider.com,4813447086,TSG Hoffenheim
rbeinischpf,iOq9u1YkN,Rich,Beinisch,rbeinischpf@whitehouse.gov,5435081289,Tottenham Hotspur
lmarnspg,M6vBBx23Rz72,Leanor,Marns,lmarnspg@themeforest.net,9442785535,Feyenoord
hhurnellph,OGDgPJOC9Ld,Hymie,Hurnell,hhurnellph@ibm.com,2537706457,Monaco
cboylespi,ddecS2oJxMjm,Christopher,Boyles,cboylespi@mit.edu,4715176658,Spartak Moscow
eparrottpj,IM9JRIZDp,Ebonee,Parrott,eparrottpj@reuters.com,6229920855,Bournemouth
gmagogpk,LRxrn84adc,Gery,Magog,gmagogpk@hc360.com,4105496730,Liverpool
ssignepl,aIuDlxZIWF,Stanfield,Signe,ssignepl@fema.gov,6648689245,Real Madrid
dmcbeathpm,WDBQ9IOf40,Dodi,McBeath,dmcbeathpm@uiuc.edu,1394714090,Nantes
sstathampn,2IQHifo37s,Sammie,Statham,sstathampn@bigcartel.com,6043172634,Werder Bremen
byaldenpo,KQ15ceUVt05I,Burlie,Yalden,byaldenpo@hexun.com,7675895609,Hellas Verona
mkaplanpp,3R9GBq,Mathe,Kaplan,mkaplanpp@ebay.com,1361432116,Charleroi
mambrozpq,IbLYGEiOr,Mellicent,Ambroz,mambrozpq@networkadvertising.org,5127703687,Leicester City
aleftwichpr,ccjdC4YM,Ayn,Leftwich,aleftwichpr@engadget.com,4005794541,Zenit Saint Petersburg
clammersps,9HSXGagR4P,Clerc,Lammers,clammersps@angelfire.com,7164315138,Brighton & Hove Albion
cdoerrlingpt,8kjJ9ElhA36x,Cybil,Doerrling,cdoerrlingpt@t.co,2485638096,Napoli
bnobbspu,gBe7AjN9Q,Brenda,Nobbs,bnobbspu@ycombinator.com,9184534681,Sevilla Seville
klincepv,QgDLbzwlg,Kaspar,Lince,klincepv@opensource.org,4735111180,Orenburg
tmatthauspw,GaM2iwH66,Tully,Matthaus,tmatthauspw@360.cn,5316289833,Porto
bradishpx,JH5Wp0,Bevan,Radish,bradishpx@usgs.gov,6603242228,RB Leipzig
cawtonpy,d2alkDm1,Cymbre,Awton,cawtonpy@fotki.com,4177190659,Wolverhampton Wanderers
ohavocpz,QunoY3Gwr7f,Orton,Havoc,ohavocpz@hhs.gov,6419340237,Dynamo Moscow
sreinaq0,7QdlsvbOnd,Shara,Reina,sreinaq0@alexa.com,1308540470,Waasland-Beveren
blangdridgeq1,8bl6fzbGW8,Blanch,Langdridge,blangdridgeq1@deviantart.com,7218452755,Fortuna Dosseldorf
hdomsallaq2,FtdZOlyo,Harmonie,Domsalla,hdomsallaq2@state.gov,5322813695,Getafe
nwiddupq3,MsJn7tplF,Nydia,Widdup,nwiddupq3@springer.com,4783881503,Tondela
mmcnirlinq4,jtJAyX,Marabel,McNirlin,mmcnirlinq4@walmart.com,4058348138,Sparta Rotterdam
lteareq5,2zrsqtBk,Lillian,Teare,lteareq5@wufoo.com,2369377971,Barcelona
ytenwickq6,LjinlKMp,Yurik,Tenwick,ytenwickq6@wsj.com,7437456055,Burnley
gdyhouseq7,DNLDF5,Ginevra,Dyhouse,gdyhouseq7@washingtonpost.com,3145698268,Eupen
ekondratenkoq8,1IceRvI,Ericka,Kondratenko,ekondratenkoq8@census.gov,7847712891,Fortuna Sittard
rmullaneq9,m6ayyk7a,Rosmunda,Mullane,rmullaneq9@hp.com,2165863804,FC Koln
massanteqa,yMjziZLJGm,Maison,Assante,massanteqa@godaddy.com,4349719030,Willem II
cocriganeqb,mNudjv,Constance,O'Crigane,cocriganeqb@theatlantic.com,8095482835,Kortrijk
kframptonqc,8wJUoX,Kingsly,Frampton,kframptonqc@hubpages.com,2724314671,Rostov
yglencorseqd,MOJ5mtILqARX,Yettie,Glencorse,yglencorseqd@vistaprint.com,6712263352,VVV-Venlo
amatysiakqe,JgbwfsHJQ,Amory,Matysiak,amatysiakqe@comsenz.com,6186640536,Cagliari
agrimwadeqf,SpSj3x8DQXF,Anette,Grimwade,agrimwadeqf@unblog.fr,7775143757,Heerenveen
tlongridgeqg,Ib4il68x4,Tab,Longridge,tlongridgeqg@a8.net,4857164219,Sochi
wmaryetqh,jVUi2QMLdosS,Wendy,Maryet,wmaryetqh@bbb.org,2299928212,Boavista
garndellqi,9KBUGV9S,Gae,Arndell,garndellqi@nydailynews.com,9326361465,Vitoria de Guimaraes
etullisqj,gKdAY27Ajl,Elaina,Tullis,etullisqj@nih.gov,8917343631,Union Berlin
sbettensonqk,7VWJ2k,Starlin,Bettenson,sbettensonqk@answers.com,9064680806,Bologna
kalphonsoql,ihJq4w2L,Kelby,Alphonso,kalphonsoql@apache.org,2114377403,Schalke 04
dnewnsqm,qcqiMxex4sjv,Deborah,Newns,dnewnsqm@google.co.uk,7476483082,Fiorentina
gwattinghamqn,ySXLMypJlL,Gradeigh,Wattingham,gwattinghamqn@phpbb.com,7186427307,Vitesse
khouldenqo,9iQy7ISwaD5,Kizzie,Houlden,khouldenqo@addtoany.com,7802608628,Anderlecht
equeneqp,6sBh9V,Ernesta,Quene,equeneqp@cocolog-nifty.com,7316802768,Manchester United
mbutlandqq,D6Znz5IJKHnl,Margi,Butland,mbutlandqq@forbes.com,2486308331,Aston Villa
hcruessqr,8F7yycxy,Henrietta,Cruess,hcruessqr@shinystat.com,5951327834,Antwerp
dburrageqs,tmb9cZN3xju,Darleen,Burrage,dburrageqs@twitter.com,5893428319,Brescia
aofarrisqt,snnQpwUK,Arturo,O'Farris,aofarrisqt@sciencedaily.com,8684276127,Lille
tfonzoqu,7sTHR92jnJ,Torrey,Fonzo,tfonzoqu@wordpress.com,5072877822,Everton
acrinidgeqv,YQ88KwdMY8,Alvira,Crinidge,acrinidgeqv@rambler.ru,5825058785,SC Freiburg
rgonzalesqw,QEhqLFnwS53,Reeta,Gonzales,rgonzalesqw@themeforest.net,9813523405,Maritimo
spalphreymanqx,i9JxE0,Sandor,Palphreyman,spalphreymanqx@infoseek.co.jp,8235302318,AZ
lbestarqy,5wr6fiAVpXD,Leonardo,Bestar,lbestarqy@apple.com,7082984044,Real Sociedad
wheggsqz,oELQ04dvzwH,Wilone,Heggs,wheggsqz@ftc.gov,7687451234,Lazio
bharomer0,WEAowqfy8Me,Boonie,Harome,bharomer0@ed.gov,3611113585,Akhmat Grozny
mdevennier1,YiYtvHQ,Milly,Devennie,mdevennier1@angelfire.com,7933454954,Marseille
mclubleyr2,2O5fUQy,Marcella,Clubley,mclubleyr2@amazon.co.uk,8802072230,Portimonense
bcluttonr3,jSrP3RecNYRV,Blaire,Clutton,bcluttonr3@networksolutions.com,5171589727,Lokomotiv Moscow
mburkwoodr4,QqbD2dS8PJb,Marj,Burkwood,mburkwoodr4@arizona.edu,7271457535,Sporting CP
abullanr5,6vFmYB6ZI,Adolf,Bullan,abullanr5@skyrock.com,5365825825,Desportivo das Aves
anorthcliffer6,6vFk1oY,Aguistin,Northcliffe,anorthcliffer6@blogtalkradio.com,7517631850,FC Augsburg
abanbrigger7,XyK7rz35,Armin,Banbrigge,abanbrigger7@discovery.com,4473565803,SC Paderborn
warlettr8,59o5nvguJM,Waverley,Arlett,warlettr8@ox.ac.uk,7035626447,Villarreal
jbendr9,TKqc1PF,Joyann,Bend,jbendr9@apache.org,9369949622,Pacos de Ferreira
mchevolleaura,VUXdPlZhZg,Miriam,Chevolleau,mchevolleaura@istockphoto.com,2136061445,Ajax
sduffitrb,ooPsnIGG,Skipp,Duffit,sduffitrb@joomla.org,2166716363,PEC Zwolle
tbuggyrc,itoLowE,Talyah,Buggy,tbuggyrc@de.vu,6863798668,Osasuna
jgittensrd,HFudfM,Jamal,Gittens,jgittensrd@census.gov,3927244764,Manchester City
mmciverre,QcmwqRYvYC,Marty,McIver,mmciverre@geocities.com,7196654051,West Ham United
llastrf,8EmTeSHc,Lyda,Last,llastrf@accuweather.com,4541104120,Lyon
srowneyrg,bO0hzo,Silvio,Rowney,srowneyrg@vinaora.com,3281503381,Brest
sboguerh,n6tjD2zwJ,Saxe,Bogue,sboguerh@homestead.com,6215716332,PSG
jblowfelderi,E7VIP8Q5j4qW,Jelene,Blowfelde,jblowfelderi@gnu.org,8896373255,Sampdoria
kdreganrj,oqSf1LyobjD,Karlis,Dregan,kdreganrj@foxnews.com,4989594508,Montpellier
cjaniszewskirk,T48gtISU,Cosimo,Janiszewski,cjaniszewskirk@typepad.com,4778057619,Watford
msemensrl,3wyFMaFPoke,Modestine,Semens,msemensrl@discovery.com,7317590086,Twente
tstenbridgerm,QgD20Fk2n,Tabatha,Stenbridge,tstenbridgerm@free.fr,2671106632,Rubin Kazan
bedginrn,4yGo4evwKqG0,Brig,Edgin,bedginrn@ed.gov,8322289215,Sint-Truiden
oraddishro,SsEy34lm9k2F,Orson,Raddish,oraddishro@comsenz.com,7117552184,Crystal Palace
bperfordrp,TDWco8Zhbhz,Barthel,Perford,bperfordrp@comsenz.com,6081644739,Moreirense
rwestermanrq,1FYmDkgKEN,Raeann,Westerman,rwestermanrq@twitpic.com,9264939963,Cercle Brugge
ktonguerr,mgGCFACBl,Killie,Tongue,ktonguerr@rediff.com,9094849704,Athletic Bilbao Bilbao